"","hour","day","site","WDS","WUS","type","progr"
"1",10,188,"Glenquey",13.60575,11.23625,"dam",2017-07-07 09:00:00
"2",11,188,"Glenquey",14.134,11.69775,"dam",2017-07-07 10:00:00
"3",12,188,"Glenquey",11.722,8.581,"dam",2017-07-07 11:00:00
"4",13,188,"Glenquey",14.30125,11.98875,"dam",2017-07-07 12:00:00
"5",14,188,"Glenquey",14.18175,11.916,"dam",2017-07-07 13:00:00
"6",15,188,"Glenquey",13.942,12.03725,"dam",2017-07-07 14:00:00
"7",16,188,"Glenquey",14.11,11.819,"dam",2017-07-07 15:00:00
"8",17,188,"Glenquey",14.086,11.64925,"dam",2017-07-07 16:00:00
"9",18,188,"Glenquey",13.12325,10.649,"dam",2017-07-07 17:00:00
"10",19,188,"Glenquey",12.2555,9.7925,"dam",2017-07-07 18:00:00
"11",20,188,"Glenquey",12.207,9.69375,"dam",2017-07-07 19:00:00
"12",21,188,"Glenquey",12.11,9.5955,"dam",2017-07-07 20:00:00
"13",22,188,"Glenquey",12.11,9.54625,"dam",2017-07-07 21:00:00
"14",23,188,"Glenquey",12.08575,9.472,"dam",2017-07-07 22:00:00
"15",24,188,"Glenquey",14.206,12.11,"dam",2017-07-07 23:00:00
"16",1,189,"Glenquey",11.79475,9.39775,"dam",2017-07-08 00:00:00
"17",2,189,"Glenquey",11.74625,9.49675,"dam",2017-07-08 01:00:00
"18",3,189,"Glenquey",11.722,9.5215,"dam",2017-07-08 02:00:00
"19",4,189,"Glenquey",11.4795,9.324,"dam",2017-07-08 03:00:00
"20",5,189,"Glenquey",11.722,8.37925,"dam",2017-07-08 04:00:00
"21",6,189,"Glenquey",12.13425,7.782,"dam",2017-07-08 05:00:00
"22",7,189,"Glenquey",12.3765,8.25675,"dam",2017-07-08 06:00:00
"23",8,189,"Glenquey",12.666,9.027,"dam",2017-07-08 07:00:00
"24",9,189,"Glenquey",13.22075,9.69375,"dam",2017-07-08 08:00:00
"25",10,189,"Glenquey",13.582,10.1855,"dam",2017-07-08 09:00:00
"26",11,189,"Glenquey",13.798,10.91925,"dam",2017-07-08 10:00:00
"27",12,189,"Glenquey",11.9645,9.39775,"dam",2017-07-08 11:00:00
"28",13,189,"Glenquey",14.80425,12.81075,"dam",2017-07-08 12:00:00
"29",14,189,"Glenquey",15.01925,12.9315,"dam",2017-07-08 13:00:00
"30",15,189,"Glenquey",14.181,12.5695,"dam",2017-07-08 14:00:00
"31",16,189,"Glenquey",14.014,12.425,"dam",2017-07-08 15:00:00
"32",17,189,"Glenquey",13.918,12.207,"dam",2017-07-08 16:00:00
"33",18,189,"Glenquey",13.38925,11.79475,"dam",2017-07-08 17:00:00
"34",19,189,"Glenquey",12.9555,11.358,"dam",2017-07-08 18:00:00
"35",20,189,"Glenquey",12.7385,10.89475,"dam",2017-07-08 19:00:00
"36",21,189,"Glenquey",12.56975,10.504,"dam",2017-07-08 20:00:00
"37",22,189,"Glenquey",12.425,10.161,"dam",2017-07-08 21:00:00
"38",23,189,"Glenquey",12.401,9.94025,"dam",2017-07-08 22:00:00
"39",24,189,"Glenquey",14.11,11.98875,"dam",2017-07-08 23:00:00
"40",1,190,"Glenquey",12.304,9.69375,"dam",2017-07-09 00:00:00
"41",2,190,"Glenquey",12.2555,9.669,"dam",2017-07-09 01:00:00
"42",3,190,"Glenquey",12.0615,9.6445,"dam",2017-07-09 02:00:00
"43",4,190,"Glenquey",11.98875,9.66925,"dam",2017-07-09 03:00:00
"44",5,190,"Glenquey",12.59275,9.37325,"dam",2017-07-09 04:00:00
"45",6,190,"Glenquey",12.90725,9.2255,"dam",2017-07-09 05:00:00
"46",7,190,"Glenquey",13.028,9.52125,"dam",2017-07-09 06:00:00
"47",8,190,"Glenquey",12.303,10.20975,"dam",2017-07-09 07:00:00
"48",9,190,"Glenquey",12.81,10.111,"dam",2017-07-09 08:00:00
"49",10,190,"Glenquey",12.61775,10.7725,"dam",2017-07-09 09:00:00
"50",11,190,"Glenquey",12.71425,10.7725,"dam",2017-07-09 10:00:00
"51",12,190,"Glenquey",12.304,9.7925,"dam",2017-07-09 11:00:00
"52",13,190,"Glenquey",13.894,11.4065,"dam",2017-07-09 12:00:00
"53",14,190,"Glenquey",13.822,11.3335,"dam",2017-07-09 13:00:00
"54",15,190,"Glenquey",13.4855,11.1875,"dam",2017-07-09 14:00:00
"55",16,190,"Glenquey",13.726,11.358,"dam",2017-07-09 15:00:00
"56",17,190,"Glenquey",13.29275,11.21175,"dam",2017-07-09 16:00:00
"57",18,190,"Glenquey",12.76275,10.79725,"dam",2017-07-09 17:00:00
"58",19,190,"Glenquey",12.473,10.357,"dam",2017-07-09 18:00:00
"59",20,190,"Glenquey",12.207,9.817,"dam",2017-07-09 19:00:00
"60",21,190,"Glenquey",13.19675,9.74325,"dam",2017-07-09 20:00:00
"61",22,190,"Glenquey",13.004,9.57075,"dam",2017-07-09 21:00:00
"62",23,190,"Glenquey",12.883,9.4225,"dam",2017-07-09 22:00:00
"63",24,190,"Glenquey",13.34125,10.821,"dam",2017-07-09 23:00:00
"64",1,191,"Glenquey",12.835,9.275,"dam",2017-07-10 00:00:00
"65",2,191,"Glenquey",12.787,9.176,"dam",2017-07-10 01:00:00
"66",3,191,"Glenquey",12.787,9.1265,"dam",2017-07-10 02:00:00
"67",4,191,"Glenquey",12.787,9.10175,"dam",2017-07-10 03:00:00
"68",5,191,"Glenquey",12.787,9.077,"dam",2017-07-10 04:00:00
"69",6,191,"Glenquey",12.448,9.05225,"dam",2017-07-10 05:00:00
"70",7,191,"Glenquey",11.50375,9.10175,"dam",2017-07-10 06:00:00
"71",8,191,"Glenquey",11.528,9.2255,"dam",2017-07-10 07:00:00
"72",9,191,"Glenquey",12.5685,9.2995,"dam",2017-07-10 08:00:00
"73",10,191,"Glenquey",12.085,9.49675,"dam",2017-07-10 09:00:00
"74",11,191,"Glenquey",11.9645,9.64475,"dam",2017-07-10 10:00:00
"75",12,191,"Glenquey",12.787,9.3485,"dam",2017-07-10 11:00:00
"76",13,191,"Glenquey",13.052,10.6505,"dam",2017-07-10 12:00:00
"77",14,191,"Glenquey",12.835,10.651,"dam",2017-07-10 13:00:00
"78",15,191,"Glenquey",12.47325,10.4795,"dam",2017-07-10 14:00:00
"79",16,191,"Glenquey",12.23125,10.259,"dam",2017-07-10 15:00:00
"80",17,191,"Glenquey",12.207,10.161,"dam",2017-07-10 16:00:00
"81",18,191,"Glenquey",12.1585,10.063,"dam",2017-07-10 17:00:00
"82",19,191,"Glenquey",12.2555,10.0875,"dam",2017-07-10 18:00:00
"83",20,191,"Glenquey",12.2555,10.21,"dam",2017-07-10 19:00:00
"84",21,191,"Glenquey",12.03725,10.3815,"dam",2017-07-10 20:00:00
"85",22,191,"Glenquey",11.9645,10.259,"dam",2017-07-10 21:00:00
"86",23,191,"Glenquey",12.03725,10.063,"dam",2017-07-10 22:00:00
"87",24,191,"Glenquey",12.18275,10.01375,"dam",2017-07-10 23:00:00
"88",1,192,"Glenquey",11.819,9.768,"dam",2017-07-11 00:00:00
"89",2,192,"Glenquey",11.819,9.768,"dam",2017-07-11 01:00:00
"90",3,192,"Glenquey",11.6735,9.69375,"dam",2017-07-11 02:00:00
"91",4,192,"Glenquey",11.60075,9.62,"dam",2017-07-11 03:00:00
"92",5,192,"Glenquey",11.50375,9.49675,"dam",2017-07-11 04:00:00
"93",6,192,"Glenquey",11.528,9.472,"dam",2017-07-11 05:00:00
"94",7,192,"Glenquey",11.55225,9.472,"dam",2017-07-11 06:00:00
"95",8,192,"Glenquey",11.528,9.472,"dam",2017-07-11 07:00:00
"96",9,192,"Glenquey",12.1575,9.4225,"dam",2017-07-11 08:00:00
"97",10,192,"Glenquey",11.9395,9.571,"dam",2017-07-11 09:00:00
"98",11,192,"Glenquey",12.3265,9.7185,"dam",2017-07-11 10:00:00
"99",12,192,"Glenquey",11.94025,9.9155,"dam",2017-07-11 11:00:00
"100",13,192,"Glenquey",13.269,10.528,"dam",2017-07-11 12:00:00
"101",14,192,"Glenquey",13.0015,10.64925,"dam",2017-07-11 13:00:00
"102",15,192,"Glenquey",12.11,10.112,"dam",2017-07-11 14:00:00
"103",16,192,"Glenquey",12.207,10.21,"dam",2017-07-11 15:00:00
"104",17,192,"Glenquey",12.1585,10.406,"dam",2017-07-11 16:00:00
"105",18,192,"Glenquey",12.11,10.4795,"dam",2017-07-11 17:00:00
"106",19,192,"Glenquey",12.08575,10.5775,"dam",2017-07-11 18:00:00
"107",20,192,"Glenquey",11.94025,10.406,"dam",2017-07-11 19:00:00
"108",21,192,"Glenquey",11.8675,10.2835,"dam",2017-07-11 20:00:00
"109",22,192,"Glenquey",11.819,10.2345,"dam",2017-07-11 21:00:00
"110",23,192,"Glenquey",11.74625,10.112,"dam",2017-07-11 22:00:00
"111",24,192,"Glenquey",13.14875,9.9645,"dam",2017-07-11 23:00:00
"112",1,193,"Glenquey",11.55225,9.8415,"dam",2017-07-12 00:00:00
"113",2,193,"Glenquey",11.40675,9.74325,"dam",2017-07-12 01:00:00
"114",3,193,"Glenquey",11.334,9.6445,"dam",2017-07-12 02:00:00
"115",4,193,"Glenquey",11.334,9.54625,"dam",2017-07-12 03:00:00
"116",5,193,"Glenquey",11.528,9.075,"dam",2017-07-12 04:00:00
"117",6,193,"Glenquey",12.27975,8.232,"dam",2017-07-12 05:00:00
"118",7,193,"Glenquey",12.61775,8.68,"dam",2017-07-12 06:00:00
"119",8,193,"Glenquey",12.5925,9.4225,"dam",2017-07-12 07:00:00
"120",9,193,"Glenquey",11.6735,9.76775,"dam",2017-07-12 08:00:00
"121",10,193,"Glenquey",13.413,10.112,"dam",2017-07-12 09:00:00
"122",11,193,"Glenquey",13.53375,10.553,"dam",2017-07-12 10:00:00
"123",12,193,"Glenquey",11.6735,9.9895,"dam",2017-07-12 11:00:00
"124",13,193,"Glenquey",14.134,11.55225,"dam",2017-07-12 12:00:00
"125",14,193,"Glenquey",14.086,12.15825,"dam",2017-07-12 13:00:00
"126",15,193,"Glenquey",14.37325,12.497,"dam",2017-07-12 14:00:00
"127",16,193,"Glenquey",14.613,12.35225,"dam",2017-07-12 15:00:00
"128",17,193,"Glenquey",13.0265,10.94175,"dam",2017-07-12 16:00:00
"129",18,193,"Glenquey",12.35225,10.112,"dam",2017-07-12 17:00:00
"130",19,193,"Glenquey",12.11,9.817,"dam",2017-07-12 18:00:00
"131",20,193,"Glenquey",11.9645,9.52125,"dam",2017-07-12 19:00:00
"132",21,193,"Glenquey",11.7705,9.22525,"dam",2017-07-12 20:00:00
"133",22,193,"Glenquey",11.64925,8.95325,"dam",2017-07-12 21:00:00
"134",23,193,"Glenquey",11.55225,8.75425,"dam",2017-07-12 22:00:00
"135",24,193,"Glenquey",14.15775,10.89475,"dam",2017-07-12 23:00:00
"136",1,194,"Glenquey",11.334,8.4315,"dam",2017-07-13 00:00:00
"137",2,194,"Glenquey",11.2605,8.357,"dam",2017-07-13 01:00:00
"138",3,194,"Glenquey",11.57525,8.35675,"dam",2017-07-13 02:00:00
"139",4,194,"Glenquey",12.7385,8.6305,"dam",2017-07-13 03:00:00
"140",5,194,"Glenquey",12.69,8.70475,"dam",2017-07-13 04:00:00
"141",6,194,"Glenquey",12.835,8.87875,"dam",2017-07-13 05:00:00
"142",7,194,"Glenquey",12.9315,9.22525,"dam",2017-07-13 06:00:00
"143",8,194,"Glenquey",13.1725,9.7185,"dam",2017-07-13 07:00:00
"144",9,194,"Glenquey",13.74975,10.063,"dam",2017-07-13 08:00:00
"145",10,194,"Glenquey",14.158,10.91875,"dam",2017-07-13 09:00:00
"146",11,194,"Glenquey",14.42125,11.6005,"dam",2017-07-13 10:00:00
"147",12,194,"Glenquey",11.431,8.60575,"dam",2017-07-13 11:00:00
"148",13,194,"Glenquey",15.23425,11.7705,"dam",2017-07-13 12:00:00
"149",14,194,"Glenquey",14.87575,11.358,"dam",2017-07-13 13:00:00
"150",15,194,"Glenquey",14.086,11.50375,"dam",2017-07-13 14:00:00
"151",16,194,"Glenquey",14.2775,11.285,"dam",2017-07-13 15:00:00
"152",17,194,"Glenquey",14.134,11.139,"dam",2017-07-13 16:00:00
"153",18,194,"Glenquey",14.11,10.94375,"dam",2017-07-13 17:00:00
"154",19,194,"Glenquey",13.50775,10.306,"dam",2017-07-13 18:00:00
"155",20,194,"Glenquey",12.37475,9.2735,"dam",2017-07-13 19:00:00
"156",21,194,"Glenquey",13.123,9.74175,"dam",2017-07-13 20:00:00
"157",22,194,"Glenquey",13.413,9.79225,"dam",2017-07-13 21:00:00
"158",23,194,"Glenquey",13.269,9.57075,"dam",2017-07-13 22:00:00
"159",24,194,"Glenquey",14.78025,12.11,"dam",2017-07-13 23:00:00
"160",1,195,"Glenquey",11.93925,8.48075,"dam",2017-07-14 00:00:00
"161",2,195,"Glenquey",11.818,8.406,"dam",2017-07-14 01:00:00
"162",3,195,"Glenquey",12.084,8.40625,"dam",2017-07-14 02:00:00
"163",4,195,"Glenquey",12.811,8.506,"dam",2017-07-14 03:00:00
"164",5,195,"Glenquey",12.69,8.4315,"dam",2017-07-14 04:00:00
"165",6,195,"Glenquey",12.7625,8.506,"dam",2017-07-14 05:00:00
"166",7,195,"Glenquey",12.9555,8.90325,"dam",2017-07-14 06:00:00
"167",8,195,"Glenquey",13.22075,9.69375,"dam",2017-07-14 07:00:00
"168",9,195,"Glenquey",13.70175,10.797,"dam",2017-07-14 08:00:00
"169",10,195,"Glenquey",14.3015,11.60075,"dam",2017-07-14 09:00:00
"170",11,195,"Glenquey",15.06725,12.1585,"dam",2017-07-14 10:00:00
"171",12,195,"Glenquey",13.076,9.39775,"dam",2017-07-14 11:00:00
"172",13,195,"Glenquey",14.804,13.60575,"dam",2017-07-14 12:00:00
"173",14,195,"Glenquey",15.75975,13.36525,"dam",2017-07-14 13:00:00
"174",15,195,"Glenquey",15.06625,12.784,"dam",2017-07-14 14:00:00
"175",16,195,"Glenquey",13.774,10.944,"dam",2017-07-14 15:00:00
"176",17,195,"Glenquey",13.413,10.724,"dam",2017-07-14 16:00:00
"177",18,195,"Glenquey",12.8835,10.18525,"dam",2017-07-14 17:00:00
"178",19,195,"Glenquey",14.158,11.0655,"dam",2017-07-14 18:00:00
"179",20,195,"Glenquey",12.207,9.25,"dam",2017-07-14 19:00:00
"180",21,195,"Glenquey",13.196,9.9635,"dam",2017-07-14 20:00:00
"181",22,195,"Glenquey",13.437,10.063,"dam",2017-07-14 21:00:00
"182",23,195,"Glenquey",13.365,9.89075,"dam",2017-07-14 22:00:00
"183",24,195,"Glenquey",14.852,12.4725,"dam",2017-07-14 23:00:00
"184",1,196,"Glenquey",13.461,9.69375,"dam",2017-07-15 00:00:00
"185",2,196,"Glenquey",13.461,9.669,"dam",2017-07-15 01:00:00
"186",3,196,"Glenquey",13.461,9.669,"dam",2017-07-15 02:00:00
"187",4,196,"Glenquey",13.461,9.69375,"dam",2017-07-15 03:00:00
"188",5,196,"Glenquey",13.413,9.768,"dam",2017-07-15 04:00:00
"189",6,196,"Glenquey",13.365,9.7925,"dam",2017-07-15 05:00:00
"190",7,196,"Glenquey",13.437,9.866,"dam",2017-07-15 06:00:00
"191",8,196,"Glenquey",13.5095,9.9895,"dam",2017-07-15 07:00:00
"192",9,196,"Glenquey",13.5095,10.21,"dam",2017-07-15 08:00:00
"193",10,196,"Glenquey",13.63,10.357,"dam",2017-07-15 09:00:00
"194",11,196,"Glenquey",13.894,10.62625,"dam",2017-07-15 10:00:00
"195",12,196,"Glenquey",13.341,9.768,"dam",2017-07-15 11:00:00
"196",13,196,"Glenquey",14.493,11.09,"dam",2017-07-15 12:00:00
"197",14,196,"Glenquey",14.32525,11.30925,"dam",2017-07-15 13:00:00
"198",15,196,"Glenquey",14.3015,11.74625,"dam",2017-07-15 14:00:00
"199",16,196,"Glenquey",14.397,12.013,"dam",2017-07-15 15:00:00
"200",17,196,"Glenquey",14.325,11.916,"dam",2017-07-15 16:00:00
"201",18,196,"Glenquey",13.269,10.1855,"dam",2017-07-15 17:00:00
"202",19,196,"Glenquey",12.97975,9.817,"dam",2017-07-15 18:00:00
"203",20,196,"Glenquey",12.883,9.52125,"dam",2017-07-15 19:00:00
"204",21,196,"Glenquey",12.9795,9.6185,"dam",2017-07-15 20:00:00
"205",22,196,"Glenquey",13.2685,10.1105,"dam",2017-07-15 21:00:00
"206",23,196,"Glenquey",13.365,10.21,"dam",2017-07-15 22:00:00
"207",24,196,"Glenquey",14.20575,10.944,"dam",2017-07-15 23:00:00
"208",1,197,"Glenquey",13.173,9.7185,"dam",2017-07-16 00:00:00
"209",2,197,"Glenquey",13.07625,9.5215,"dam",2017-07-16 01:00:00
"210",3,197,"Glenquey",12.95575,9.373,"dam",2017-07-16 02:00:00
"211",4,197,"Glenquey",12.883,9.373,"dam",2017-07-16 03:00:00
"212",5,197,"Glenquey",13.004,9.4225,"dam",2017-07-16 04:00:00
"213",6,197,"Glenquey",13.10025,9.472,"dam",2017-07-16 05:00:00
"214",7,197,"Glenquey",13.173,9.743,"dam",2017-07-16 06:00:00
"215",8,197,"Glenquey",13.317,10.0135,"dam",2017-07-16 07:00:00
"216",9,197,"Glenquey",13.60575,10.57725,"dam",2017-07-16 08:00:00
"217",10,197,"Glenquey",14.15775,11.09,"dam",2017-07-16 09:00:00
"218",11,197,"Glenquey",14.58875,11.7705,"dam",2017-07-16 10:00:00
"219",12,197,"Glenquey",13.221,9.94,"dam",2017-07-16 11:00:00
"220",13,197,"Glenquey",15.0675,12.207,"dam",2017-07-16 12:00:00
"221",14,197,"Glenquey",15.33025,12.03725,"dam",2017-07-16 13:00:00
"222",15,197,"Glenquey",14.25175,11.062,"dam",2017-07-16 14:00:00
"223",16,197,"Glenquey",13.269,10.1365,"dam",2017-07-16 15:00:00
"224",17,197,"Glenquey",13.076,10.1855,"dam",2017-07-16 16:00:00
"225",18,197,"Glenquey",13.1245,10.3815,"dam",2017-07-16 17:00:00
"226",19,197,"Glenquey",13.173,10.553,"dam",2017-07-16 18:00:00
"227",20,197,"Glenquey",13.028,10.406,"dam",2017-07-16 19:00:00
"228",21,197,"Glenquey",12.90725,10.2835,"dam",2017-07-16 20:00:00
"229",22,197,"Glenquey",12.883,10.2345,"dam",2017-07-16 21:00:00
"230",23,197,"Glenquey",12.835,10.1365,"dam",2017-07-16 22:00:00
"231",24,197,"Glenquey",15.23475,11.819,"dam",2017-07-16 23:00:00
"232",1,198,"Glenquey",12.52125,9.694,"dam",2017-07-17 00:00:00
"233",2,198,"Glenquey",12.883,9.49675,"dam",2017-07-17 01:00:00
"234",3,198,"Glenquey",13.245,9.472,"dam",2017-07-17 02:00:00
"235",4,198,"Glenquey",13.173,9.39775,"dam",2017-07-17 03:00:00
"236",5,198,"Glenquey",13.1245,9.324,"dam",2017-07-17 04:00:00
"237",6,198,"Glenquey",13.076,9.37325,"dam",2017-07-17 05:00:00
"238",7,198,"Glenquey",13.1485,9.6445,"dam",2017-07-17 06:00:00
"239",8,198,"Glenquey",13.43725,10.259,"dam",2017-07-17 07:00:00
"240",9,198,"Glenquey",13.846,11.114,"dam",2017-07-17 08:00:00
"241",10,198,"Glenquey",14.46925,11.74625,"dam",2017-07-17 09:00:00
"242",11,198,"Glenquey",15.0435,12.5935,"dam",2017-07-17 10:00:00
"243",12,198,"Glenquey",12.642,9.96475,"dam",2017-07-17 11:00:00
"244",13,198,"Glenquey",16.16525,13.87,"dam",2017-07-17 12:00:00
"245",14,198,"Glenquey",16.30825,14.086,"dam",2017-07-17 13:00:00
"246",15,198,"Glenquey",16.30825,13.966,"dam",2017-07-17 14:00:00
"247",16,198,"Glenquey",15.9745,13.60575,"dam",2017-07-17 15:00:00
"248",17,198,"Glenquey",15.521,13.07625,"dam",2017-07-17 16:00:00
"249",18,198,"Glenquey",15.139,12.376,"dam",2017-07-17 17:00:00
"250",19,198,"Glenquey",14.66075,11.52775,"dam",2017-07-17 18:00:00
"251",20,198,"Glenquey",12.56975,9.27475,"dam",2017-07-17 19:00:00
"252",21,198,"Glenquey",12.473,9.1265,"dam",2017-07-17 20:00:00
"253",22,198,"Glenquey",12.401,9.00275,"dam",2017-07-17 21:00:00
"254",23,198,"Glenquey",12.32825,8.9285,"dam",2017-07-17 22:00:00
"255",24,198,"Glenquey",15.6645,13.341,"dam",2017-07-17 23:00:00
"256",1,199,"Glenquey",12.2555,8.879,"dam",2017-07-18 00:00:00
"257",2,199,"Glenquey",12.1585,8.879,"dam",2017-07-18 01:00:00
"258",3,199,"Glenquey",12.1585,8.879,"dam",2017-07-18 02:00:00
"259",4,199,"Glenquey",12.13425,8.829,"dam",2017-07-18 03:00:00
"260",5,199,"Glenquey",12.593,8.7295,"dam",2017-07-18 04:00:00
"261",6,199,"Glenquey",13.17275,8.829,"dam",2017-07-18 05:00:00
"262",7,199,"Glenquey",13.43725,9.2745,"dam",2017-07-18 06:00:00
"263",8,199,"Glenquey",13.918,10.01325,"dam",2017-07-18 07:00:00
"264",9,199,"Glenquey",14.44525,11.04125,"dam",2017-07-18 08:00:00
"265",10,199,"Glenquey",14.9955,12.10975,"dam",2017-07-18 09:00:00
"266",11,199,"Glenquey",15.59275,13.1,"dam",2017-07-18 10:00:00
"267",12,199,"Glenquey",12.304,8.879,"dam",2017-07-18 11:00:00
"268",13,199,"Glenquey",16.475,14.493,"dam",2017-07-18 12:00:00
"269",14,199,"Glenquey",16.618,14.73275,"dam",2017-07-18 13:00:00
"270",15,199,"Glenquey",16.52275,14.613,"dam",2017-07-18 14:00:00
"271",16,199,"Glenquey",16.1415,14.2775,"dam",2017-07-18 15:00:00
"272",17,199,"Glenquey",15.64025,13.798,"dam",2017-07-18 16:00:00
"273",18,199,"Glenquey",15.2345,13.14825,"dam",2017-07-18 17:00:00
"274",19,199,"Glenquey",14.85225,12.328,"dam",2017-07-18 18:00:00
"275",20,199,"Glenquey",12.92975,9.98425,"dam",2017-07-18 19:00:00
"276",21,199,"Glenquey",12.3525,9.25025,"dam",2017-07-18 20:00:00
"277",22,199,"Glenquey",12.304,9.10175,"dam",2017-07-18 21:00:00
"278",23,199,"Glenquey",13.0265,9.49625,"dam",2017-07-18 22:00:00
"279",24,199,"Glenquey",16.06975,13.87,"dam",2017-07-18 23:00:00
"280",1,200,"Glenquey",13.99,9.965,"dam",2017-07-19 00:00:00
"281",2,200,"Glenquey",13.219,9.54575,"dam",2017-07-19 01:00:00
"282",3,200,"Glenquey",12.304,9.27475,"dam",2017-07-19 02:00:00
"283",4,200,"Glenquey",12.304,9.44725,"dam",2017-07-19 03:00:00
"284",5,200,"Glenquey",12.425,9.64475,"dam",2017-07-19 04:00:00
"285",6,200,"Glenquey",12.497,9.817,"dam",2017-07-19 05:00:00
"286",7,200,"Glenquey",12.594,10.014,"dam",2017-07-19 06:00:00
"287",8,200,"Glenquey",12.69,10.1365,"dam",2017-07-19 07:00:00
"288",9,200,"Glenquey",12.811,10.3325,"dam",2017-07-19 08:00:00
"289",10,200,"Glenquey",13.1485,10.675,"dam",2017-07-19 09:00:00
"290",11,200,"Glenquey",13.5815,10.968,"dam",2017-07-19 10:00:00
"291",12,200,"Glenquey",13.75,9.965,"dam",2017-07-19 11:00:00
"292",13,200,"Glenquey",14.445,12.03725,"dam",2017-07-19 12:00:00
"293",14,200,"Glenquey",14.852,11.98875,"dam",2017-07-19 13:00:00
"294",15,200,"Glenquey",15.0195,12.5455,"dam",2017-07-19 14:00:00
"295",16,200,"Glenquey",14.82825,12.73825,"dam",2017-07-19 15:00:00
"296",17,200,"Glenquey",14.37325,12.5215,"dam",2017-07-19 16:00:00
"297",18,200,"Glenquey",14.038,12.23125,"dam",2017-07-19 17:00:00
"298",19,200,"Glenquey",13.726,11.5765,"dam",2017-07-19 18:00:00
"299",20,200,"Glenquey",13.5095,11.0655,"dam",2017-07-19 19:00:00
"300",21,200,"Glenquey",13.53325,10.57725,"dam",2017-07-19 20:00:00
"301",22,200,"Glenquey",14.134,10.2835,"dam",2017-07-19 21:00:00
"302",23,200,"Glenquey",14.134,10.21,"dam",2017-07-19 22:00:00
"303",24,200,"Glenquey",13.846,11.2115,"dam",2017-07-19 23:00:00
"304",1,201,"Glenquey",14.038,10.112,"dam",2017-07-20 00:00:00
"305",2,201,"Glenquey",14.038,10.1365,"dam",2017-07-20 01:00:00
"306",3,201,"Glenquey",14.062,10.161,"dam",2017-07-20 02:00:00
"307",4,201,"Glenquey",13.894,10.1365,"dam",2017-07-20 03:00:00
"308",5,201,"Glenquey",12.594,9.54625,"dam",2017-07-20 04:00:00
"309",6,201,"Glenquey",12.666,9.472,"dam",2017-07-20 05:00:00
"310",7,201,"Glenquey",12.9075,9.694,"dam",2017-07-20 06:00:00
"311",8,201,"Glenquey",13.17275,10.08725,"dam",2017-07-20 07:00:00
"312",9,201,"Glenquey",13.58175,10.79725,"dam",2017-07-20 08:00:00
"313",15,181,"Lintrathen",15.05933333,18.744,"dam",2017-06-30 15:00:00
"314",16,181,"Lintrathen",14.996,17.07,"dam",2017-06-30 16:00:00
"315",17,181,"Lintrathen",15.0435,16.64175,"dam",2017-06-30 17:00:00
"316",18,181,"Lintrathen",14.924,16.28425,"dam",2017-06-30 18:00:00
"317",19,181,"Lintrathen",14.804,15.75975,"dam",2017-06-30 19:00:00
"318",20,181,"Lintrathen",14.78025,15.18675,"dam",2017-06-30 20:00:00
"319",21,181,"Lintrathen",14.78025,14.7565,"dam",2017-06-30 21:00:00
"320",22,181,"Lintrathen",14.7565,14.3015,"dam",2017-06-30 22:00:00
"321",23,181,"Lintrathen",14.804,13.894,"dam",2017-06-30 23:00:00
"322",1,182,"Lintrathen",14.852,13.19675,"dam",2017-07-01 01:00:00
"323",2,182,"Lintrathen",14.9,12.9075,"dam",2017-07-01 02:00:00
"324",3,182,"Lintrathen",14.852,12.59375,"dam",2017-07-01 03:00:00
"325",4,182,"Lintrathen",14.804,12.32825,"dam",2017-07-01 04:00:00
"326",5,182,"Lintrathen",14.804,12.11,"dam",2017-07-01 05:00:00
"327",6,182,"Lintrathen",14.804,11.9645,"dam",2017-07-01 06:00:00
"328",7,182,"Lintrathen",14.852,11.74625,"dam",2017-07-01 07:00:00
"329",8,182,"Lintrathen",14.9,11.819,"dam",2017-07-01 08:00:00
"330",9,182,"Lintrathen",14.948,12.1585,"dam",2017-07-01 09:00:00
"331",10,182,"Lintrathen",15.16275,12.7625,"dam",2017-07-01 10:00:00
"332",11,182,"Lintrathen",15.33,14.01375,"dam",2017-07-01 11:00:00
"333",12,182,"Lintrathen",14.804,13.5095,"dam",2017-07-01 12:00:00
"334",13,182,"Lintrathen",15.59275,15.47325,"dam",2017-07-01 13:00:00
"335",14,182,"Lintrathen",15.47325,15.736,"dam",2017-07-01 14:00:00
"336",15,182,"Lintrathen",15.473,15.545,"dam",2017-07-01 15:00:00
"337",16,182,"Lintrathen",15.521,15.54475,"dam",2017-07-01 16:00:00
"338",17,182,"Lintrathen",15.56875,15.927,"dam",2017-07-01 17:00:00
"339",18,182,"Lintrathen",15.497,15.75975,"dam",2017-07-01 18:00:00
"340",19,182,"Lintrathen",15.521,15.521,"dam",2017-07-01 19:00:00
"341",20,182,"Lintrathen",15.33,14.9955,"dam",2017-07-01 20:00:00
"342",21,182,"Lintrathen",15.091,14.39725,"dam",2017-07-01 21:00:00
"343",22,182,"Lintrathen",14.996,13.5815,"dam",2017-07-01 22:00:00
"344",23,182,"Lintrathen",14.996,12.81075,"dam",2017-07-01 23:00:00
"345",24,182,"Lintrathen",15.49725,15.04325,"dam",2017-07-02 00:00:00
"346",1,183,"Lintrathen",14.996,11.98875,"dam",2017-07-02 01:00:00
"347",2,183,"Lintrathen",14.948,11.722,"dam",2017-07-02 02:00:00
"348",3,183,"Lintrathen",14.876,11.45525,"dam",2017-07-02 03:00:00
"349",4,183,"Lintrathen",14.804,11.1875,"dam",2017-07-02 04:00:00
"350",5,183,"Lintrathen",14.804,10.846,"dam",2017-07-02 05:00:00
"351",6,183,"Lintrathen",14.78025,10.5775,"dam",2017-07-02 06:00:00
"352",7,183,"Lintrathen",14.828,10.602,"dam",2017-07-02 07:00:00
"353",8,183,"Lintrathen",14.852,10.72375,"dam",2017-07-02 08:00:00
"354",9,183,"Lintrathen",14.948,11.01675,"dam",2017-07-02 09:00:00
"355",10,183,"Lintrathen",15.01975,11.64925,"dam",2017-07-02 10:00:00
"356",11,183,"Lintrathen",15.115,12.4725,"dam",2017-07-02 11:00:00
"357",12,183,"Lintrathen",14.996,12.30375,"dam",2017-07-02 12:00:00
"358",13,183,"Lintrathen",15.187,13.798,"dam",2017-07-02 13:00:00
"359",14,183,"Lintrathen",15.354,14.541,"dam",2017-07-02 14:00:00
"360",15,183,"Lintrathen",15.40175,15.7835,"dam",2017-07-02 15:00:00
"361",16,183,"Lintrathen",15.4255,16.332,"dam",2017-07-02 16:00:00
"362",17,183,"Lintrathen",15.354,16.54675,"dam",2017-07-02 17:00:00
"363",18,183,"Lintrathen",15.33,16.37975,"dam",2017-07-02 18:00:00
"364",19,183,"Lintrathen",15.2345,15.92675,"dam",2017-07-02 19:00:00
"365",20,183,"Lintrathen",15.187,15.37775,"dam",2017-07-02 20:00:00
"366",21,183,"Lintrathen",15.139,14.82825,"dam",2017-07-02 21:00:00
"367",22,183,"Lintrathen",15.091,14.34925,"dam",2017-07-02 22:00:00
"368",23,183,"Lintrathen",15.01975,13.846,"dam",2017-07-02 23:00:00
"369",24,183,"Lintrathen",15.115,13.4375,"dam",2017-07-03 00:00:00
"370",1,184,"Lintrathen",14.996,12.835,"dam",2017-07-03 01:00:00
"371",2,184,"Lintrathen",14.996,12.449,"dam",2017-07-03 02:00:00
"372",3,184,"Lintrathen",14.948,12.1585,"dam",2017-07-03 03:00:00
"373",4,184,"Lintrathen",14.852,11.74625,"dam",2017-07-03 04:00:00
"374",5,184,"Lintrathen",14.804,11.21175,"dam",2017-07-03 05:00:00
"375",6,184,"Lintrathen",14.709,10.846,"dam",2017-07-03 06:00:00
"376",7,184,"Lintrathen",14.709,10.65075,"dam",2017-07-03 07:00:00
"377",8,184,"Lintrathen",14.78025,10.455,"dam",2017-07-03 08:00:00
"378",9,184,"Lintrathen",14.924,10.6995,"dam",2017-07-03 09:00:00
"379",10,184,"Lintrathen",15.09125,11.33325,"dam",2017-07-03 10:00:00
"380",11,184,"Lintrathen",15.33,12.32775,"dam",2017-07-03 11:00:00
"381",12,184,"Lintrathen",14.996,13.317,"dam",2017-07-03 12:00:00
"382",13,184,"Lintrathen",15.35375,14.34925,"dam",2017-07-03 13:00:00
"383",14,184,"Lintrathen",15.32975,15.2345,"dam",2017-07-03 14:00:00
"384",15,184,"Lintrathen",15.32975,15.97425,"dam",2017-07-03 15:00:00
"385",16,184,"Lintrathen",15.40175,16.832,"dam",2017-07-03 16:00:00
"386",17,184,"Lintrathen",15.37775,16.6655,"dam",2017-07-03 17:00:00
"387",18,184,"Lintrathen",15.282,16.28425,"dam",2017-07-03 18:00:00
"388",19,184,"Lintrathen",15.33,16.02225,"dam",2017-07-03 19:00:00
"389",20,184,"Lintrathen",15.282,15.6165,"dam",2017-07-03 20:00:00
"390",21,184,"Lintrathen",15.282,15.06725,"dam",2017-07-03 21:00:00
"391",22,184,"Lintrathen",15.187,14.517,"dam",2017-07-03 22:00:00
"392",23,184,"Lintrathen",15.187,13.99,"dam",2017-07-03 23:00:00
"393",24,184,"Lintrathen",15.40175,13.341,"dam",2017-07-04 00:00:00
"394",1,185,"Lintrathen",15.139,13.1245,"dam",2017-07-04 01:00:00
"395",2,185,"Lintrathen",15.091,12.666,"dam",2017-07-04 02:00:00
"396",3,185,"Lintrathen",15.0435,12.2555,"dam",2017-07-04 03:00:00
"397",4,185,"Lintrathen",14.996,11.916,"dam",2017-07-04 04:00:00
"398",5,185,"Lintrathen",14.996,11.64925,"dam",2017-07-04 05:00:00
"399",6,185,"Lintrathen",14.996,11.45525,"dam",2017-07-04 06:00:00
"400",7,185,"Lintrathen",14.996,11.334,"dam",2017-07-04 07:00:00
"401",8,185,"Lintrathen",14.996,11.334,"dam",2017-07-04 08:00:00
"402",9,185,"Lintrathen",14.996,11.3825,"dam",2017-07-04 09:00:00
"403",10,185,"Lintrathen",15.0435,11.55225,"dam",2017-07-04 10:00:00
"404",11,185,"Lintrathen",15.0435,11.819,"dam",2017-07-04 11:00:00
"405",12,185,"Lintrathen",15.187,13.5095,"dam",2017-07-04 12:00:00
"406",13,185,"Lintrathen",15.163,12.835,"dam",2017-07-04 13:00:00
"407",14,185,"Lintrathen",14.996,13.5095,"dam",2017-07-04 14:00:00
"408",15,185,"Lintrathen",15.06725,13.63,"dam",2017-07-04 15:00:00
"409",16,185,"Lintrathen",15.091,13.798,"dam",2017-07-04 16:00:00
"410",17,185,"Lintrathen",15.091,14.086,"dam",2017-07-04 17:00:00
"411",18,185,"Lintrathen",15.091,14.2775,"dam",2017-07-04 18:00:00
"412",19,185,"Lintrathen",15.01975,14.30125,"dam",2017-07-04 19:00:00
"413",20,185,"Lintrathen",14.996,14.086,"dam",2017-07-04 20:00:00
"414",21,185,"Lintrathen",14.924,13.62975,"dam",2017-07-04 21:00:00
"415",22,185,"Lintrathen",14.9,13.317,"dam",2017-07-04 22:00:00
"416",23,185,"Lintrathen",14.9,12.9315,"dam",2017-07-04 23:00:00
"417",24,185,"Lintrathen",15.115,12.1585,"dam",2017-07-05 00:00:00
"418",1,186,"Lintrathen",14.9,12.23125,"dam",2017-07-05 01:00:00
"419",2,186,"Lintrathen",14.852,11.94025,"dam",2017-07-05 02:00:00
"420",3,186,"Lintrathen",14.804,11.64925,"dam",2017-07-05 03:00:00
"421",4,186,"Lintrathen",14.804,11.40675,"dam",2017-07-05 04:00:00
"422",5,186,"Lintrathen",14.804,11.1875,"dam",2017-07-05 05:00:00
"423",6,186,"Lintrathen",14.804,11.01675,"dam",2017-07-05 06:00:00
"424",7,186,"Lintrathen",14.804,10.9925,"dam",2017-07-05 07:00:00
"425",8,186,"Lintrathen",14.876,11.13875,"dam",2017-07-05 08:00:00
"426",9,186,"Lintrathen",14.996,11.4065,"dam",2017-07-05 09:00:00
"427",10,186,"Lintrathen",15.163,12.013,"dam",2017-07-05 10:00:00
"428",11,186,"Lintrathen",15.2585,13.02775,"dam",2017-07-05 11:00:00
"429",12,186,"Lintrathen",14.9,12.5695,"dam",2017-07-05 12:00:00
"430",13,186,"Lintrathen",15.2585,15.831,"dam",2017-07-05 13:00:00
"431",14,186,"Lintrathen",15.4495,16.7605,"dam",2017-07-05 14:00:00
"432",15,186,"Lintrathen",15.47325,17.07,"dam",2017-07-05 15:00:00
"433",16,186,"Lintrathen",15.354,17.9025,"dam",2017-07-05 16:00:00
"434",17,186,"Lintrathen",15.2345,18.2835,"dam",2017-07-05 17:00:00
"435",18,186,"Lintrathen",15.091,17.855,"dam",2017-07-05 18:00:00
"436",19,186,"Lintrathen",15.091,17.14125,"dam",2017-07-05 19:00:00
"437",20,186,"Lintrathen",15.115,16.49875,"dam",2017-07-05 20:00:00
"438",21,186,"Lintrathen",14.996,15.7595,"dam",2017-07-05 21:00:00
"439",22,186,"Lintrathen",15.0435,14.9955,"dam",2017-07-05 22:00:00
"440",23,186,"Lintrathen",14.996,14.39725,"dam",2017-07-05 23:00:00
"441",24,186,"Lintrathen",15.306,14.30125,"dam",2017-07-06 00:00:00
"442",1,187,"Lintrathen",14.996,13.63,"dam",2017-07-06 01:00:00
"443",2,187,"Lintrathen",14.996,13.341,"dam",2017-07-06 02:00:00
"444",3,187,"Lintrathen",14.996,13.07625,"dam",2017-07-06 03:00:00
"445",4,187,"Lintrathen",14.996,12.81075,"dam",2017-07-06 04:00:00
"446",5,187,"Lintrathen",15.01975,12.5215,"dam",2017-07-06 05:00:00
"447",6,187,"Lintrathen",15.06725,12.3525,"dam",2017-07-06 06:00:00
"448",7,187,"Lintrathen",15.139,12.23125,"dam",2017-07-06 07:00:00
"449",8,187,"Lintrathen",15.139,12.207,"dam",2017-07-06 08:00:00
"450",9,187,"Lintrathen",15.115,12.207,"dam",2017-07-06 09:00:00
"451",10,187,"Lintrathen",15.21075,12.35225,"dam",2017-07-06 10:00:00
"452",11,187,"Lintrathen",15.282,12.8835,"dam",2017-07-06 11:00:00
"453",12,187,"Lintrathen",14.996,13.99,"dam",2017-07-06 12:00:00
"454",13,187,"Lintrathen",15.40175,14.42125,"dam",2017-07-06 13:00:00
"455",14,187,"Lintrathen",15.49725,15.18675,"dam",2017-07-06 14:00:00
"456",15,187,"Lintrathen",15.4255,16.26075,"dam",2017-07-06 15:00:00
"457",16,187,"Lintrathen",15.712,16.68925,"dam",2017-07-06 16:00:00
"458",17,187,"Lintrathen",15.32975,16.64175,"dam",2017-07-06 17:00:00
"459",18,187,"Lintrathen",15.40175,16.68925,"dam",2017-07-06 18:00:00
"460",19,187,"Lintrathen",15.47325,16.87925,"dam",2017-07-06 19:00:00
"461",20,187,"Lintrathen",15.378,16.475,"dam",2017-07-06 20:00:00
"462",21,187,"Lintrathen",15.40175,15.99825,"dam",2017-07-06 21:00:00
"463",22,187,"Lintrathen",15.4015,15.59275,"dam",2017-07-06 22:00:00
"464",23,187,"Lintrathen",15.306,15.139,"dam",2017-07-06 23:00:00
"465",24,187,"Lintrathen",15.33,13.6055,"dam",2017-07-07 00:00:00
"466",1,188,"Lintrathen",15.091,14.397,"dam",2017-07-07 01:00:00
"467",2,188,"Lintrathen",15.06725,14.086,"dam",2017-07-07 02:00:00
"468",3,188,"Lintrathen",15.091,13.702,"dam",2017-07-07 03:00:00
"469",4,188,"Lintrathen",15.187,13.317,"dam",2017-07-07 04:00:00
"470",5,188,"Lintrathen",15.282,13.07625,"dam",2017-07-07 05:00:00
"471",6,188,"Lintrathen",15.354,12.85925,"dam",2017-07-07 06:00:00
"472",7,188,"Lintrathen",15.40175,12.69,"dam",2017-07-07 07:00:00
"473",8,188,"Lintrathen",15.306,12.9315,"dam",2017-07-07 08:00:00
"474",9,188,"Lintrathen",15.4255,13.245,"dam",2017-07-07 09:00:00
"475",10,188,"Lintrathen",15.40175,13.58175,"dam",2017-07-07 10:00:00
"476",11,188,"Lintrathen",15.47325,14.13375,"dam",2017-07-07 11:00:00
"477",12,188,"Lintrathen",15.163,14.7565,"dam",2017-07-07 12:00:00
"478",13,188,"Lintrathen",15.78375,16.6175,"dam",2017-07-07 13:00:00
"479",14,188,"Lintrathen",16.28425,17.73625,"dam",2017-07-07 14:00:00
"480",15,188,"Lintrathen",16.475,18.33075,"dam",2017-07-07 15:00:00
"481",16,188,"Lintrathen",16.76025,18.68725,"dam",2017-07-07 16:00:00
"482",17,188,"Lintrathen",16.99875,19.163,"dam",2017-07-07 17:00:00
"483",18,188,"Lintrathen",16.713,19.06775,"dam",2017-07-07 18:00:00
"484",19,188,"Lintrathen",16.451,18.40225,"dam",2017-07-07 19:00:00
"485",20,188,"Lintrathen",16.523,17.87875,"dam",2017-07-07 20:00:00
"486",21,188,"Lintrathen",16.475,17.189,"dam",2017-07-07 21:00:00
"487",22,188,"Lintrathen",15.80725,16.49875,"dam",2017-07-07 22:00:00
"488",23,188,"Lintrathen",15.2345,15.7595,"dam",2017-07-07 23:00:00
"489",24,188,"Lintrathen",15.7595,15.091,"dam",2017-07-08 00:00:00
"490",1,189,"Lintrathen",15.091,14.68475,"dam",2017-07-08 01:00:00
"491",2,189,"Lintrathen",15.139,14.2775,"dam",2017-07-08 02:00:00
"492",3,189,"Lintrathen",15.2105,13.822,"dam",2017-07-08 03:00:00
"493",4,189,"Lintrathen",15.187,13.26875,"dam",2017-07-08 04:00:00
"494",5,189,"Lintrathen",15.115,12.76275,"dam",2017-07-08 05:00:00
"495",6,189,"Lintrathen",15.139,12.3765,"dam",2017-07-08 06:00:00
"496",7,189,"Lintrathen",15.282,12.1585,"dam",2017-07-08 07:00:00
"497",8,189,"Lintrathen",15.33,12.0615,"dam",2017-07-08 08:00:00
"498",9,189,"Lintrathen",15.47325,12.03725,"dam",2017-07-08 09:00:00
"499",10,189,"Lintrathen",15.521,12.47275,"dam",2017-07-08 10:00:00
"500",11,189,"Lintrathen",15.87875,13.50925,"dam",2017-07-08 11:00:00
"501",12,189,"Lintrathen",15.139,15.163,"dam",2017-07-08 12:00:00
"502",13,189,"Lintrathen",16.30825,16.546,"dam",2017-07-08 13:00:00
"503",14,189,"Lintrathen",16.80825,17.49825,"dam",2017-07-08 14:00:00
"504",15,189,"Lintrathen",16.92725,18.7585,"dam",2017-07-08 15:00:00
"505",16,189,"Lintrathen",17.189,19.924,"dam",2017-07-08 16:00:00
"506",17,189,"Lintrathen",17.02275,20.01925,"dam",2017-07-08 17:00:00
"507",18,189,"Lintrathen",16.951,19.23425,"dam",2017-07-08 18:00:00
"508",19,189,"Lintrathen",16.903,18.42575,"dam",2017-07-08 19:00:00
"509",20,189,"Lintrathen",16.903,17.66475,"dam",2017-07-08 20:00:00
"510",21,189,"Lintrathen",16.903,16.856,"dam",2017-07-08 21:00:00
"511",22,189,"Lintrathen",16.83175,15.9745,"dam",2017-07-08 22:00:00
"512",23,189,"Lintrathen",16.808,15.33,"dam",2017-07-08 23:00:00
"513",24,189,"Lintrathen",16.02225,15.11475,"dam",2017-07-09 00:00:00
"514",1,190,"Lintrathen",16.5465,14.2535,"dam",2017-07-09 01:00:00
"515",2,190,"Lintrathen",15.85525,13.70175,"dam",2017-07-09 02:00:00
"516",3,190,"Lintrathen",15.569,13.1485,"dam",2017-07-09 03:00:00
"517",4,190,"Lintrathen",15.569,12.7385,"dam",2017-07-09 04:00:00
"518",5,190,"Lintrathen",15.64025,12.5455,"dam",2017-07-09 05:00:00
"519",6,190,"Lintrathen",15.736,12.3525,"dam",2017-07-09 06:00:00
"520",7,190,"Lintrathen",15.664,12.23125,"dam",2017-07-09 07:00:00
"521",8,190,"Lintrathen",15.664,12.27975,"dam",2017-07-09 08:00:00
"522",9,190,"Lintrathen",15.664,12.449,"dam",2017-07-09 09:00:00
"523",10,190,"Lintrathen",15.78375,12.90725,"dam",2017-07-09 10:00:00
"524",11,190,"Lintrathen",15.83125,13.317,"dam",2017-07-09 11:00:00
"525",12,190,"Lintrathen",16.808,14.7565,"dam",2017-07-09 12:00:00
"526",13,190,"Lintrathen",15.97475,13.75,"dam",2017-07-09 13:00:00
"527",14,190,"Lintrathen",16.213,13.894,"dam",2017-07-09 14:00:00
"528",15,190,"Lintrathen",16.23675,14.038,"dam",2017-07-09 15:00:00
"529",16,190,"Lintrathen",16.332,14.062,"dam",2017-07-09 16:00:00
"530",17,190,"Lintrathen",16.332,14.11,"dam",2017-07-09 17:00:00
"531",18,190,"Lintrathen",16.332,14.134,"dam",2017-07-09 18:00:00
"532",19,190,"Lintrathen",16.26075,14.086,"dam",2017-07-09 19:00:00
"533",20,190,"Lintrathen",16.237,13.942,"dam",2017-07-09 20:00:00
"534",21,190,"Lintrathen",16.237,13.702,"dam",2017-07-09 21:00:00
"535",22,190,"Lintrathen",16.237,13.43725,"dam",2017-07-09 22:00:00
"536",23,190,"Lintrathen",16.26075,13.1485,"dam",2017-07-09 23:00:00
"537",24,190,"Lintrathen",15.927,13.654,"dam",2017-07-10 00:00:00
"538",1,191,"Lintrathen",16.213,12.5455,"dam",2017-07-10 01:00:00
"539",2,191,"Lintrathen",15.68775,12.27975,"dam",2017-07-10 02:00:00
"540",3,191,"Lintrathen",15.21075,12.08575,"dam",2017-07-10 03:00:00
"541",4,191,"Lintrathen",15.187,11.8675,"dam",2017-07-10 04:00:00
"542",5,191,"Lintrathen",15.187,11.64925,"dam",2017-07-10 05:00:00
"543",6,191,"Lintrathen",15.354,11.528,"dam",2017-07-10 06:00:00
"544",7,191,"Lintrathen",15.40175,11.528,"dam",2017-07-10 07:00:00
"545",8,191,"Lintrathen",15.40175,11.79475,"dam",2017-07-10 08:00:00
"546",9,191,"Lintrathen",15.473,12.2795,"dam",2017-07-10 09:00:00
"547",10,191,"Lintrathen",15.545,12.69025,"dam",2017-07-10 10:00:00
"548",11,191,"Lintrathen",15.54475,12.9315,"dam",2017-07-10 11:00:00
"549",12,191,"Lintrathen",16.237,12.859,"dam",2017-07-10 12:00:00
"550",13,191,"Lintrathen",15.712,13.461,"dam",2017-07-10 13:00:00
"551",14,191,"Lintrathen",15.64025,13.53375,"dam",2017-07-10 14:00:00
"552",15,191,"Lintrathen",15.6165,13.63,"dam",2017-07-10 15:00:00
"553",16,191,"Lintrathen",15.664,13.702,"dam",2017-07-10 16:00:00
"554",17,191,"Lintrathen",15.664,13.702,"dam",2017-07-10 17:00:00
"555",18,191,"Lintrathen",15.664,13.55775,"dam",2017-07-10 18:00:00
"556",19,191,"Lintrathen",15.664,13.437,"dam",2017-07-10 19:00:00
"557",20,191,"Lintrathen",15.664,13.245,"dam",2017-07-10 20:00:00
"558",21,191,"Lintrathen",15.7595,12.9315,"dam",2017-07-10 21:00:00
"559",22,191,"Lintrathen",15.736,12.61775,"dam",2017-07-10 22:00:00
"560",23,191,"Lintrathen",15.76,12.304,"dam",2017-07-10 23:00:00
"561",24,191,"Lintrathen",15.6165,13.317,"dam",2017-07-11 00:00:00
"562",1,192,"Lintrathen",15.76,11.69775,"dam",2017-07-11 01:00:00
"563",2,192,"Lintrathen",15.76,11.285,"dam",2017-07-11 02:00:00
"564",3,192,"Lintrathen",15.76,10.968,"dam",2017-07-11 03:00:00
"565",4,192,"Lintrathen",15.76,10.724,"dam",2017-07-11 04:00:00
"566",5,192,"Lintrathen",15.76,10.455,"dam",2017-07-11 05:00:00
"567",6,192,"Lintrathen",15.855,10.357,"dam",2017-07-11 06:00:00
"568",7,192,"Lintrathen",15.927,10.455,"dam",2017-07-11 07:00:00
"569",8,192,"Lintrathen",15.951,10.724,"dam",2017-07-11 08:00:00
"570",9,192,"Lintrathen",15.951,11.2605,"dam",2017-07-11 09:00:00
"571",10,192,"Lintrathen",16.06975,11.916,"dam",2017-07-11 10:00:00
"572",11,192,"Lintrathen",16.046,11.84275,"dam",2017-07-11 11:00:00
"573",12,192,"Lintrathen",15.76,12.03725,"dam",2017-07-11 12:00:00
"574",13,192,"Lintrathen",15.951,11.5765,"dam",2017-07-11 13:00:00
"575",14,192,"Lintrathen",16.14125,11.916,"dam",2017-07-11 14:00:00
"576",15,192,"Lintrathen",16.189,12.8105,"dam",2017-07-11 15:00:00
"577",16,192,"Lintrathen",15.97475,14.78025,"dam",2017-07-11 16:00:00
"578",17,192,"Lintrathen",15.951,14.75625,"dam",2017-07-11 17:00:00
"579",18,192,"Lintrathen",15.951,13.966,"dam",2017-07-11 18:00:00
"580",19,192,"Lintrathen",15.951,13.798,"dam",2017-07-11 19:00:00
"581",20,192,"Lintrathen",15.951,13.53375,"dam",2017-07-11 20:00:00
"582",21,192,"Lintrathen",15.951,13.19675,"dam",2017-07-11 21:00:00
"583",22,192,"Lintrathen",15.903,12.835,"dam",2017-07-11 22:00:00
"584",23,192,"Lintrathen",15.855,12.5455,"dam",2017-07-11 23:00:00
"585",24,192,"Lintrathen",16.11725,11.60075,"dam",2017-07-12 00:00:00
"586",1,193,"Lintrathen",15.855,12.0615,"dam",2017-07-12 01:00:00
"587",2,193,"Lintrathen",15.855,11.69775,"dam",2017-07-12 02:00:00
"588",3,193,"Lintrathen",15.78375,11.38225,"dam",2017-07-12 03:00:00
"589",4,193,"Lintrathen",15.76,11.11425,"dam",2017-07-12 04:00:00
"590",5,193,"Lintrathen",15.76,10.8705,"dam",2017-07-12 05:00:00
"591",6,193,"Lintrathen",15.76,10.748,"dam",2017-07-12 06:00:00
"592",7,193,"Lintrathen",15.83125,10.7725,"dam",2017-07-12 07:00:00
"593",8,193,"Lintrathen",15.927,11.017,"dam",2017-07-12 08:00:00
"594",9,193,"Lintrathen",15.97475,11.4065,"dam",2017-07-12 09:00:00
"595",10,193,"Lintrathen",16.02225,11.916,"dam",2017-07-12 10:00:00
"596",11,193,"Lintrathen",16.06975,12.59375,"dam",2017-07-12 11:00:00
"597",12,193,"Lintrathen",15.855,12.304,"dam",2017-07-12 12:00:00
"598",13,193,"Lintrathen",16.4035,14.10975,"dam",2017-07-12 13:00:00
"599",14,193,"Lintrathen",16.2845,15.64025,"dam",2017-07-12 14:00:00
"600",15,193,"Lintrathen",16.23675,16.832,"dam",2017-07-12 15:00:00
"601",16,193,"Lintrathen",16.28425,17.11775,"dam",2017-07-12 16:00:00
"602",17,193,"Lintrathen",16.28425,17.37925,"dam",2017-07-12 17:00:00
"603",18,193,"Lintrathen",16.16525,17.21275,"dam",2017-07-12 18:00:00
"604",19,193,"Lintrathen",16.046,16.87975,"dam",2017-07-12 19:00:00
"605",20,193,"Lintrathen",15.95075,16.1175,"dam",2017-07-12 20:00:00
"606",21,193,"Lintrathen",15.73575,15.2825,"dam",2017-07-12 21:00:00
"607",22,193,"Lintrathen",15.521,14.61275,"dam",2017-07-12 22:00:00
"608",23,193,"Lintrathen",15.473,13.82175,"dam",2017-07-12 23:00:00
"609",24,193,"Lintrathen",16.21275,13.12425,"dam",2017-07-13 00:00:00
"610",1,194,"Lintrathen",15.545,12.328,"dam",2017-07-13 01:00:00
"611",2,194,"Lintrathen",15.68825,11.722,"dam",2017-07-13 02:00:00
"612",3,194,"Lintrathen",15.6165,11.1875,"dam",2017-07-13 03:00:00
"613",4,194,"Lintrathen",15.736,10.6995,"dam",2017-07-13 04:00:00
"614",5,194,"Lintrathen",15.927,10.553,"dam",2017-07-13 05:00:00
"615",6,194,"Lintrathen",15.83125,10.553,"dam",2017-07-13 06:00:00
"616",7,194,"Lintrathen",15.97475,10.602,"dam",2017-07-13 07:00:00
"617",8,194,"Lintrathen",15.9985,10.846,"dam",2017-07-13 08:00:00
"618",9,194,"Lintrathen",16.046,11.23625,"dam",2017-07-13 09:00:00
"619",10,194,"Lintrathen",16.14125,11.8675,"dam",2017-07-13 10:00:00
"620",11,194,"Lintrathen",16.30825,12.83475,"dam",2017-07-13 11:00:00
"621",12,194,"Lintrathen",15.473,13.05225,"dam",2017-07-13 12:00:00
"622",13,194,"Lintrathen",16.90325,15.73575,"dam",2017-07-13 13:00:00
"623",14,194,"Lintrathen",17.11775,16.97475,"dam",2017-07-13 14:00:00
"624",15,194,"Lintrathen",17.16525,18.4495,"dam",2017-07-13 15:00:00
"625",16,194,"Lintrathen",17.21275,18.5685,"dam",2017-07-13 16:00:00
"626",17,194,"Lintrathen",17.189,18.35475,"dam",2017-07-13 17:00:00
"627",18,194,"Lintrathen",17.094,18.0215,"dam",2017-07-13 18:00:00
"628",19,194,"Lintrathen",17.094,17.3795,"dam",2017-07-13 19:00:00
"629",20,194,"Lintrathen",17.094,16.737,"dam",2017-07-13 20:00:00
"630",21,194,"Lintrathen",17.094,16.1415,"dam",2017-07-13 21:00:00
"631",22,194,"Lintrathen",16.999,15.521,"dam",2017-07-13 22:00:00
"632",23,194,"Lintrathen",16.951,14.9955,"dam",2017-07-13 23:00:00
"633",24,194,"Lintrathen",16.49875,14.517,"dam",2017-07-14 00:00:00
"634",1,195,"Lintrathen",16.808,13.75,"dam",2017-07-14 01:00:00
"635",2,195,"Lintrathen",16.808,13.24475,"dam",2017-07-14 02:00:00
"636",3,195,"Lintrathen",16.73675,12.69025,"dam",2017-07-14 03:00:00
"637",4,195,"Lintrathen",16.6655,12.1585,"dam",2017-07-14 04:00:00
"638",5,195,"Lintrathen",16.618,11.64925,"dam",2017-07-14 05:00:00
"639",6,195,"Lintrathen",16.5705,11.212,"dam",2017-07-14 06:00:00
"640",7,195,"Lintrathen",16.5705,10.96825,"dam",2017-07-14 07:00:00
"641",8,195,"Lintrathen",16.523,10.8215,"dam",2017-07-14 08:00:00
"642",9,195,"Lintrathen",16.64175,11.01675,"dam",2017-07-14 09:00:00
"643",10,195,"Lintrathen",16.85575,11.74625,"dam",2017-07-14 10:00:00
"644",11,195,"Lintrathen",16.951,12.859,"dam",2017-07-14 11:00:00
"645",12,195,"Lintrathen",16.87925,14.3495,"dam",2017-07-14 12:00:00
"646",13,195,"Lintrathen",17.1415,16.165,"dam",2017-07-14 13:00:00
"647",14,195,"Lintrathen",17.07025,16.427,"dam",2017-07-14 14:00:00
"648",15,195,"Lintrathen",17.094,17.046,"dam",2017-07-14 15:00:00
"649",16,195,"Lintrathen",17.0465,17.76,"dam",2017-07-14 16:00:00
"650",17,195,"Lintrathen",17.02275,17.427,"dam",2017-07-14 17:00:00
"651",18,195,"Lintrathen",16.975,16.951,"dam",2017-07-14 18:00:00
"652",19,195,"Lintrathen",16.951,16.618,"dam",2017-07-14 19:00:00
"653",20,195,"Lintrathen",16.808,16.332,"dam",2017-07-14 20:00:00
"654",21,195,"Lintrathen",16.808,15.6645,"dam",2017-07-14 21:00:00
"655",22,195,"Lintrathen",16.808,14.9955,"dam",2017-07-14 22:00:00
"656",23,195,"Lintrathen",16.713,14.565,"dam",2017-07-14 23:00:00
"657",24,195,"Lintrathen",17.16525,14.66025,"dam",2017-07-15 00:00:00
"658",1,196,"Lintrathen",16.618,13.798,"dam",2017-07-15 01:00:00
"659",2,196,"Lintrathen",16.618,13.43725,"dam",2017-07-15 02:00:00
"660",3,196,"Lintrathen",16.64175,13.19675,"dam",2017-07-15 03:00:00
"661",4,196,"Lintrathen",16.618,12.9315,"dam",2017-07-15 04:00:00
"662",5,196,"Lintrathen",16.618,12.71425,"dam",2017-07-15 05:00:00
"663",6,196,"Lintrathen",16.618,12.594,"dam",2017-07-15 06:00:00
"664",7,196,"Lintrathen",16.64175,12.497,"dam",2017-07-15 07:00:00
"665",8,196,"Lintrathen",16.618,12.56975,"dam",2017-07-15 08:00:00
"666",9,196,"Lintrathen",16.618,12.71425,"dam",2017-07-15 09:00:00
"667",10,196,"Lintrathen",16.713,12.9555,"dam",2017-07-15 10:00:00
"668",11,196,"Lintrathen",16.713,13.14875,"dam",2017-07-15 11:00:00
"669",12,196,"Lintrathen",16.64175,14.18175,"dam",2017-07-15 12:00:00
"670",13,196,"Lintrathen",16.713,13.5095,"dam",2017-07-15 13:00:00
"671",14,196,"Lintrathen",16.713,13.894,"dam",2017-07-15 14:00:00
"672",15,196,"Lintrathen",16.808,14.34925,"dam",2017-07-15 15:00:00
"673",16,196,"Lintrathen",16.927,14.7325,"dam",2017-07-15 16:00:00
"674",17,196,"Lintrathen",16.999,14.9,"dam",2017-07-15 17:00:00
"675",18,196,"Lintrathen",16.99875,15.0435,"dam",2017-07-15 18:00:00
"676",19,196,"Lintrathen",16.999,15.091,"dam",2017-07-15 19:00:00
"677",20,196,"Lintrathen",17.02275,14.972,"dam",2017-07-15 20:00:00
"678",21,196,"Lintrathen",16.975,14.7805,"dam",2017-07-15 21:00:00
"679",22,196,"Lintrathen",16.903,14.39725,"dam",2017-07-15 22:00:00
"680",23,196,"Lintrathen",16.808,13.918,"dam",2017-07-15 23:00:00
"681",24,196,"Lintrathen",16.713,13.221,"dam",2017-07-16 00:00:00
"682",1,197,"Lintrathen",16.5705,12.88325,"dam",2017-07-16 01:00:00
"683",2,197,"Lintrathen",16.523,12.449,"dam",2017-07-16 02:00:00
"684",3,197,"Lintrathen",16.523,12.013,"dam",2017-07-16 03:00:00
"685",4,197,"Lintrathen",16.427,11.50375,"dam",2017-07-16 04:00:00
"686",5,197,"Lintrathen",16.427,11.11425,"dam",2017-07-16 05:00:00
"687",6,197,"Lintrathen",16.427,10.96825,"dam",2017-07-16 06:00:00
"688",7,197,"Lintrathen",16.427,11.09,"dam",2017-07-16 07:00:00
"689",8,197,"Lintrathen",16.427,11.1875,"dam",2017-07-16 08:00:00
"690",9,197,"Lintrathen",16.5705,11.4795,"dam",2017-07-16 09:00:00
"691",10,197,"Lintrathen",16.68925,11.916,"dam",2017-07-16 10:00:00
"692",11,197,"Lintrathen",16.8795,12.2795,"dam",2017-07-16 11:00:00
"693",12,197,"Lintrathen",16.73675,13.36525,"dam",2017-07-16 12:00:00
"694",13,197,"Lintrathen",17.284,13.6295,"dam",2017-07-16 13:00:00
"695",14,197,"Lintrathen",17.189,15.11475,"dam",2017-07-16 14:00:00
"696",15,197,"Lintrathen",17.30775,16.18875,"dam",2017-07-16 15:00:00
"697",16,197,"Lintrathen",17.284,16.73675,"dam",2017-07-16 16:00:00
"698",17,197,"Lintrathen",17.16525,16.73675,"dam",2017-07-16 17:00:00
"699",18,197,"Lintrathen",16.999,16.2845,"dam",2017-07-16 18:00:00
"700",19,197,"Lintrathen",16.903,15.68825,"dam",2017-07-16 19:00:00
"701",20,197,"Lintrathen",16.808,15.163,"dam",2017-07-16 20:00:00
"702",21,197,"Lintrathen",16.73675,14.63675,"dam",2017-07-16 21:00:00
"703",22,197,"Lintrathen",16.713,14.18175,"dam",2017-07-16 22:00:00
"704",23,197,"Lintrathen",16.713,13.774,"dam",2017-07-16 23:00:00
"705",24,197,"Lintrathen",17.1415,12.76275,"dam",2017-07-17 00:00:00
"706",1,198,"Lintrathen",16.6655,13.07625,"dam",2017-07-17 01:00:00
"707",2,198,"Lintrathen",16.713,12.81075,"dam",2017-07-17 02:00:00
"708",3,198,"Lintrathen",16.6655,12.59375,"dam",2017-07-17 03:00:00
"709",4,198,"Lintrathen",16.54675,12.425,"dam",2017-07-17 04:00:00
"710",5,198,"Lintrathen",16.523,12.27975,"dam",2017-07-17 05:00:00
"711",6,198,"Lintrathen",16.499,12.207,"dam",2017-07-17 06:00:00
"712",7,198,"Lintrathen",16.2845,12.13425,"dam",2017-07-17 07:00:00
"713",8,198,"Lintrathen",16.35575,12.13425,"dam",2017-07-17 08:00:00
"714",9,198,"Lintrathen",16.475,12.449,"dam",2017-07-17 09:00:00
"715",10,198,"Lintrathen",16.6655,12.9795,"dam",2017-07-17 10:00:00
"716",11,198,"Lintrathen",16.951,13.9655,"dam",2017-07-17 11:00:00
"717",12,198,"Lintrathen",16.6655,13.41325,"dam",2017-07-17 12:00:00
"718",13,198,"Lintrathen",17.427,17.498,"dam",2017-07-17 13:00:00
"719",14,198,"Lintrathen",17.5225,18.9965,"dam",2017-07-17 14:00:00
"720",15,198,"Lintrathen",17.49875,20.28125,"dam",2017-07-17 15:00:00
"721",16,198,"Lintrathen",17.475,21.0915,"dam",2017-07-17 16:00:00
"722",17,198,"Lintrathen",17.379,21.28225,"dam",2017-07-17 17:00:00
"723",18,198,"Lintrathen",17.30775,20.68625,"dam",2017-07-17 18:00:00
"724",19,198,"Lintrathen",17.21275,19.9955,"dam",2017-07-17 19:00:00
"725",20,198,"Lintrathen",17.094,19.28175,"dam",2017-07-17 20:00:00
"726",21,198,"Lintrathen",17.094,18.37825,"dam",2017-07-17 21:00:00
"727",22,198,"Lintrathen",17.094,17.2365,"dam",2017-07-17 22:00:00
"728",23,198,"Lintrathen",17.0465,16.21275,"dam",2017-07-17 23:00:00
"729",24,198,"Lintrathen",17.26025,15.64025,"dam",2017-07-18 00:00:00
"730",1,199,"Lintrathen",16.68925,14.61275,"dam",2017-07-18 01:00:00
"731",2,199,"Lintrathen",16.64175,13.918,"dam",2017-07-18 02:00:00
"732",3,199,"Lintrathen",16.68925,13.26875,"dam",2017-07-18 03:00:00
"733",4,199,"Lintrathen",16.6655,12.642,"dam",2017-07-18 04:00:00
"734",5,199,"Lintrathen",16.618,12.13425,"dam",2017-07-18 05:00:00
"735",6,199,"Lintrathen",16.618,11.7705,"dam",2017-07-18 06:00:00
"736",7,199,"Lintrathen",16.618,11.528,"dam",2017-07-18 07:00:00
"737",12,199,"Lintrathen",16.95125,15.3775,"dam",2017-07-18 12:00:00
"738",13,181,"Rescobie",16.11725,13.07625,"natural",2017-06-30 12:00:00
"739",14,181,"Rescobie",16.23675,13.317,"natural",2017-06-30 13:00:00
"740",15,181,"Rescobie",16.499,13.365,"natural",2017-06-30 14:00:00
"741",16,181,"Rescobie",16.40325,13.173,"natural",2017-06-30 15:00:00
"742",17,181,"Rescobie",16.2845,13.173,"natural",2017-06-30 16:00:00
"743",18,181,"Rescobie",16.237,13.269,"natural",2017-06-30 17:00:00
"744",19,181,"Rescobie",16.189,13.1245,"natural",2017-06-30 18:00:00
"745",20,181,"Rescobie",16.06975,13.076,"natural",2017-06-30 19:00:00
"746",21,181,"Rescobie",15.97475,13.004,"natural",2017-06-30 20:00:00
"747",22,181,"Rescobie",15.855,12.90725,"natural",2017-06-30 21:00:00
"748",23,181,"Rescobie",15.78375,12.883,"natural",2017-06-30 22:00:00
"749",24,181,"Rescobie",16.427,12.98,"natural",2017-06-30 23:00:00
"750",1,182,"Rescobie",15.664,12.787,"natural",2017-07-01 00:00:00
"751",2,182,"Rescobie",15.569,12.76275,"natural",2017-07-01 01:00:00
"752",3,182,"Rescobie",15.569,12.7385,"natural",2017-07-01 02:00:00
"753",4,182,"Rescobie",15.545,12.69,"natural",2017-07-01 03:00:00
"754",5,182,"Rescobie",15.473,12.69,"natural",2017-07-01 04:00:00
"755",6,182,"Rescobie",15.473,12.7385,"natural",2017-07-01 05:00:00
"756",7,182,"Rescobie",15.569,12.835,"natural",2017-07-01 06:00:00
"757",8,182,"Rescobie",15.66425,13.05225,"natural",2017-07-01 07:00:00
"758",9,182,"Rescobie",15.85525,13.173,"natural",2017-07-01 08:00:00
"759",10,182,"Rescobie",16.09375,13.4375,"natural",2017-07-01 09:00:00
"760",11,182,"Rescobie",16.689,13.99,"natural",2017-07-01 10:00:00
"761",12,182,"Rescobie",15.712,12.859,"natural",2017-07-01 11:00:00
"762",13,182,"Rescobie",17.9265,14.541,"natural",2017-07-01 12:00:00
"763",14,182,"Rescobie",18.59225,14.68475,"natural",2017-07-01 13:00:00
"764",15,182,"Rescobie",18.87725,14.9,"natural",2017-07-01 14:00:00
"765",16,182,"Rescobie",18.8775,14.828,"natural",2017-07-01 15:00:00
"766",17,182,"Rescobie",19.25825,15.01975,"natural",2017-07-01 16:00:00
"767",18,182,"Rescobie",19.09175,14.972,"natural",2017-07-01 17:00:00
"768",19,182,"Rescobie",18.8535,14.80425,"natural",2017-07-01 18:00:00
"769",20,182,"Rescobie",18.59225,14.637,"natural",2017-07-01 19:00:00
"770",21,182,"Rescobie",17.59325,14.517,"natural",2017-07-01 20:00:00
"771",22,182,"Rescobie",16.951,14.3015,"natural",2017-07-01 21:00:00
"772",23,182,"Rescobie",16.3795,14.062,"natural",2017-07-01 22:00:00
"773",24,182,"Rescobie",17.33175,14.038,"natural",2017-07-01 23:00:00
"774",1,183,"Rescobie",16.16525,13.798,"natural",2017-07-02 00:00:00
"775",2,183,"Rescobie",15.8315,13.606,"natural",2017-07-02 01:00:00
"776",3,183,"Rescobie",15.8075,13.48525,"natural",2017-07-02 02:00:00
"777",4,183,"Rescobie",15.68825,13.413,"natural",2017-07-02 03:00:00
"778",5,183,"Rescobie",15.4015,13.269,"natural",2017-07-02 04:00:00
"779",6,183,"Rescobie",15.2105,13.197,"natural",2017-07-02 05:00:00
"780",7,183,"Rescobie",15.091,13.221,"natural",2017-07-02 06:00:00
"781",8,183,"Rescobie",15.30625,13.317,"natural",2017-07-02 07:00:00
"782",9,183,"Rescobie",15.75975,13.63,"natural",2017-07-02 08:00:00
"783",10,183,"Rescobie",16.21275,13.75,"natural",2017-07-02 09:00:00
"784",11,183,"Rescobie",16.64175,14.01375,"natural",2017-07-02 10:00:00
"785",12,183,"Rescobie",16.23675,13.918,"natural",2017-07-02 11:00:00
"786",13,183,"Rescobie",17.427,14.445,"natural",2017-07-02 12:00:00
"787",14,183,"Rescobie",17.665,14.70875,"natural",2017-07-02 13:00:00
"788",15,183,"Rescobie",18.2595,15.25825,"natural",2017-07-02 14:00:00
"789",16,183,"Rescobie",18.4735,15.163,"natural",2017-07-02 15:00:00
"790",17,183,"Rescobie",18.5685,15.0435,"natural",2017-07-02 16:00:00
"791",18,183,"Rescobie",18.44975,14.948,"natural",2017-07-02 17:00:00
"792",19,183,"Rescobie",18.2835,14.9,"natural",2017-07-02 18:00:00
"793",20,183,"Rescobie",18.16425,14.7565,"natural",2017-07-02 19:00:00
"794",21,183,"Rescobie",17.76,14.517,"natural",2017-07-02 20:00:00
"795",22,183,"Rescobie",17.3795,14.373,"natural",2017-07-02 21:00:00
"796",23,183,"Rescobie",17.04625,14.182,"natural",2017-07-02 22:00:00
"797",24,183,"Rescobie",17.0225,14.517,"natural",2017-07-02 23:00:00
"798",1,184,"Rescobie",16.52275,13.822,"natural",2017-07-03 00:00:00
"799",2,184,"Rescobie",16.30825,13.702,"natural",2017-07-03 01:00:00
"800",3,184,"Rescobie",16.0935,13.558,"natural",2017-07-03 02:00:00
"801",4,184,"Rescobie",15.903,13.5095,"natural",2017-07-03 03:00:00
"802",5,184,"Rescobie",15.712,13.365,"natural",2017-07-03 04:00:00
"803",6,184,"Rescobie",15.4495,13.269,"natural",2017-07-03 05:00:00
"804",7,184,"Rescobie",15.378,13.269,"natural",2017-07-03 06:00:00
"805",8,184,"Rescobie",15.378,13.341,"natural",2017-07-03 07:00:00
"806",9,184,"Rescobie",15.68825,13.67775,"natural",2017-07-03 08:00:00
"807",10,184,"Rescobie",16.308,13.798,"natural",2017-07-03 09:00:00
"808",11,184,"Rescobie",17.09375,14.014,"natural",2017-07-03 10:00:00
"809",12,184,"Rescobie",16.73675,13.99,"natural",2017-07-03 11:00:00
"810",13,184,"Rescobie",18.04525,14.7325,"natural",2017-07-03 12:00:00
"811",14,184,"Rescobie",18.2835,14.685,"natural",2017-07-03 13:00:00
"812",15,184,"Rescobie",18.44975,15.13875,"natural",2017-07-03 14:00:00
"813",16,184,"Rescobie",18.521,15.23425,"natural",2017-07-03 15:00:00
"814",17,184,"Rescobie",18.49725,15.163,"natural",2017-07-03 16:00:00
"815",18,184,"Rescobie",18.426,15.25825,"natural",2017-07-03 17:00:00
"816",19,184,"Rescobie",18.2835,15.2345,"natural",2017-07-03 18:00:00
"817",20,184,"Rescobie",18.06875,15.163,"natural",2017-07-03 19:00:00
"818",21,184,"Rescobie",17.8075,14.97175,"natural",2017-07-03 20:00:00
"819",22,184,"Rescobie",17.47475,14.7565,"natural",2017-07-03 21:00:00
"820",23,184,"Rescobie",17.2365,14.589,"natural",2017-07-03 22:00:00
"821",24,184,"Rescobie",17.52225,14.32525,"natural",2017-07-03 23:00:00
"822",1,185,"Rescobie",16.87925,14.2775,"natural",2017-07-04 00:00:00
"823",2,185,"Rescobie",16.7605,14.134,"natural",2017-07-04 01:00:00
"824",3,185,"Rescobie",16.618,13.99,"natural",2017-07-04 02:00:00
"825",4,185,"Rescobie",16.475,13.87,"natural",2017-07-04 03:00:00
"826",5,185,"Rescobie",16.3795,13.774,"natural",2017-07-04 04:00:00
"827",6,185,"Rescobie",16.332,13.75,"natural",2017-07-04 05:00:00
"828",7,185,"Rescobie",16.332,13.75,"natural",2017-07-04 06:00:00
"829",8,185,"Rescobie",16.3795,13.75,"natural",2017-07-04 07:00:00
"830",9,185,"Rescobie",16.451,13.774,"natural",2017-07-04 08:00:00
"831",10,185,"Rescobie",16.5705,13.846,"natural",2017-07-04 09:00:00
"832",11,185,"Rescobie",16.713,13.942,"natural",2017-07-04 10:00:00
"833",12,185,"Rescobie",17.02275,14.373,"natural",2017-07-04 11:00:00
"834",13,185,"Rescobie",16.99875,14.086,"natural",2017-07-04 12:00:00
"835",14,185,"Rescobie",17.16525,14.086,"natural",2017-07-04 13:00:00
"836",15,185,"Rescobie",17.189,13.99,"natural",2017-07-04 14:00:00
"837",16,185,"Rescobie",17.21275,14.11,"natural",2017-07-04 15:00:00
"838",17,185,"Rescobie",17.284,14.086,"natural",2017-07-04 16:00:00
"839",18,185,"Rescobie",17.16525,13.99,"natural",2017-07-04 17:00:00
"840",19,185,"Rescobie",17.07025,13.942,"natural",2017-07-04 18:00:00
"841",20,185,"Rescobie",16.951,13.894,"natural",2017-07-04 19:00:00
"842",21,185,"Rescobie",16.83175,13.846,"natural",2017-07-04 20:00:00
"843",22,185,"Rescobie",16.713,13.75,"natural",2017-07-04 21:00:00
"844",23,185,"Rescobie",16.5705,13.654,"natural",2017-07-04 22:00:00
"845",24,185,"Rescobie",16.87925,13.942,"natural",2017-07-04 23:00:00
"846",1,186,"Rescobie",16.35575,13.461,"natural",2017-07-05 00:00:00
"847",2,186,"Rescobie",16.26075,13.365,"natural",2017-07-05 01:00:00
"848",3,186,"Rescobie",16.189,13.293,"natural",2017-07-05 02:00:00
"849",4,186,"Rescobie",16.0935,13.197,"natural",2017-07-05 03:00:00
"850",5,186,"Rescobie",16.046,13.076,"natural",2017-07-05 04:00:00
"851",6,186,"Rescobie",16.046,13.076,"natural",2017-07-05 05:00:00
"852",7,186,"Rescobie",16.046,13.1245,"natural",2017-07-05 06:00:00
"853",8,186,"Rescobie",16.165,13.221,"natural",2017-07-05 07:00:00
"854",9,186,"Rescobie",16.37975,13.365,"natural",2017-07-05 08:00:00
"855",10,186,"Rescobie",16.713,13.63,"natural",2017-07-05 09:00:00
"856",11,186,"Rescobie",17.189,14.038,"natural",2017-07-05 10:00:00
"857",12,186,"Rescobie",16.475,13.558,"natural",2017-07-05 11:00:00
"858",13,186,"Rescobie",18.25925,14.6845,"natural",2017-07-05 12:00:00
"859",14,186,"Rescobie",18.90125,14.99575,"natural",2017-07-05 13:00:00
"860",15,186,"Rescobie",19.61475,15.01975,"natural",2017-07-05 14:00:00
"861",16,186,"Rescobie",19.734,14.996,"natural",2017-07-05 15:00:00
"862",17,186,"Rescobie",19.734,14.876,"natural",2017-07-05 16:00:00
"863",18,186,"Rescobie",19.40075,14.78025,"natural",2017-07-05 17:00:00
"864",19,186,"Rescobie",18.9725,14.637,"natural",2017-07-05 18:00:00
"865",20,186,"Rescobie",18.5685,14.565,"natural",2017-07-05 19:00:00
"866",21,186,"Rescobie",18.21175,14.421,"natural",2017-07-05 20:00:00
"867",22,186,"Rescobie",17.95,14.30125,"natural",2017-07-05 21:00:00
"868",23,186,"Rescobie",17.78375,14.23,"natural",2017-07-05 22:00:00
"869",24,186,"Rescobie",17.78375,14.30125,"natural",2017-07-05 23:00:00
"870",1,187,"Rescobie",17.5225,14.134,"natural",2017-07-06 00:00:00
"871",2,187,"Rescobie",17.427,14.134,"natural",2017-07-06 01:00:00
"872",3,187,"Rescobie",17.3315,14.134,"natural",2017-07-06 02:00:00
"873",4,187,"Rescobie",17.21275,14.062,"natural",2017-07-06 03:00:00
"874",5,187,"Rescobie",17.11775,14.038,"natural",2017-07-06 04:00:00
"875",6,187,"Rescobie",17.094,13.99,"natural",2017-07-06 05:00:00
"876",7,187,"Rescobie",17.094,14.038,"natural",2017-07-06 06:00:00
"877",8,187,"Rescobie",17.094,14.038,"natural",2017-07-06 07:00:00
"878",9,187,"Rescobie",17.1415,14.086,"natural",2017-07-06 08:00:00
"879",10,187,"Rescobie",17.284,14.22975,"natural",2017-07-06 09:00:00
"880",11,187,"Rescobie",17.54625,14.565,"natural",2017-07-06 10:00:00
"881",12,187,"Rescobie",17.64125,14.182,"natural",2017-07-06 11:00:00
"882",13,187,"Rescobie",18.16425,14.80425,"natural",2017-07-06 12:00:00
"883",14,187,"Rescobie",18.44975,15.18675,"natural",2017-07-06 13:00:00
"884",15,187,"Rescobie",18.73475,15.33,"natural",2017-07-06 14:00:00
"885",16,187,"Rescobie",19.068,15.4255,"natural",2017-07-06 15:00:00
"886",17,187,"Rescobie",19.2345,15.44925,"natural",2017-07-06 16:00:00
"887",18,187,"Rescobie",19.282,15.44925,"natural",2017-07-06 17:00:00
"888",19,187,"Rescobie",19.187,15.4255,"natural",2017-07-06 18:00:00
"889",20,187,"Rescobie",19.11575,15.306,"natural",2017-07-06 19:00:00
"890",21,187,"Rescobie",18.97225,15.21075,"natural",2017-07-06 20:00:00
"891",22,187,"Rescobie",18.78225,15.0435,"natural",2017-07-06 21:00:00
"892",23,187,"Rescobie",18.54475,14.852,"natural",2017-07-06 22:00:00
"893",24,187,"Rescobie",17.9025,14.685,"natural",2017-07-06 23:00:00
"894",1,188,"Rescobie",18.25975,14.613,"natural",2017-07-07 00:00:00
"895",2,188,"Rescobie",18.164,14.565,"natural",2017-07-07 01:00:00
"896",3,188,"Rescobie",18.06875,14.493,"natural",2017-07-07 02:00:00
"897",4,188,"Rescobie",17.9025,14.421,"natural",2017-07-07 03:00:00
"898",5,188,"Rescobie",17.78375,14.349,"natural",2017-07-07 04:00:00
"899",6,188,"Rescobie",17.76,14.325,"natural",2017-07-07 05:00:00
"900",7,188,"Rescobie",17.76,14.373,"natural",2017-07-07 06:00:00
"901",8,188,"Rescobie",17.73625,14.517,"natural",2017-07-07 07:00:00
"902",9,188,"Rescobie",17.92625,14.70875,"natural",2017-07-07 08:00:00
"903",10,188,"Rescobie",18.14025,14.9,"natural",2017-07-07 09:00:00
"904",11,188,"Rescobie",18.331,14.97175,"natural",2017-07-07 10:00:00
"905",12,188,"Rescobie",18.3785,14.709,"natural",2017-07-07 11:00:00
"906",13,188,"Rescobie",19.258,15.95025,"natural",2017-07-07 12:00:00
"907",14,188,"Rescobie",19.82925,15.68825,"natural",2017-07-07 13:00:00
"908",15,188,"Rescobie",19.9005,15.569,"natural",2017-07-07 14:00:00
"909",16,188,"Rescobie",19.8055,15.736,"natural",2017-07-07 15:00:00
"910",17,188,"Rescobie",19.66225,15.83125,"natural",2017-07-07 16:00:00
"911",18,188,"Rescobie",19.472,15.6165,"natural",2017-07-07 17:00:00
"912",19,188,"Rescobie",19.16325,15.33,"natural",2017-07-07 18:00:00
"913",20,188,"Rescobie",18.8535,15.09125,"natural",2017-07-07 19:00:00
"914",21,188,"Rescobie",18.5685,14.948,"natural",2017-07-07 20:00:00
"915",22,188,"Rescobie",18.40225,14.852,"natural",2017-07-07 21:00:00
"916",23,188,"Rescobie",18.188,14.70875,"natural",2017-07-07 22:00:00
"917",24,188,"Rescobie",18.73475,15.2585,"natural",2017-07-07 23:00:00
"918",1,189,"Rescobie",17.9025,14.517,"natural",2017-07-08 00:00:00
"919",2,189,"Rescobie",17.78375,14.445,"natural",2017-07-08 01:00:00
"920",3,189,"Rescobie",17.68875,14.349,"natural",2017-07-08 02:00:00
"921",4,189,"Rescobie",17.57,14.25375,"natural",2017-07-08 03:00:00
"922",5,189,"Rescobie",17.49875,14.158,"natural",2017-07-08 04:00:00
"923",6,189,"Rescobie",17.379,14.038,"natural",2017-07-08 05:00:00
"924",7,189,"Rescobie",17.35525,14.038,"natural",2017-07-08 06:00:00
"925",8,189,"Rescobie",17.284,14.11,"natural",2017-07-08 07:00:00
"926",9,189,"Rescobie",17.427,14.37325,"natural",2017-07-08 08:00:00
"927",10,189,"Rescobie",17.855,14.75625,"natural",2017-07-08 09:00:00
"928",11,189,"Rescobie",18.3545,15.0675,"natural",2017-07-08 10:00:00
"929",12,189,"Rescobie",18.02125,14.613,"natural",2017-07-08 11:00:00
"930",13,189,"Rescobie",19.80525,15.75975,"natural",2017-07-08 12:00:00
"931",14,189,"Rescobie",20.3765,15.83125,"natural",2017-07-08 13:00:00
"932",15,189,"Rescobie",20.92475,16.189,"natural",2017-07-08 14:00:00
"933",16,189,"Rescobie",21.13925,16.30825,"natural",2017-07-08 15:00:00
"934",17,189,"Rescobie",21.11525,16.189,"natural",2017-07-08 16:00:00
"935",18,189,"Rescobie",20.97225,16.26075,"natural",2017-07-08 17:00:00
"936",19,189,"Rescobie",20.75775,16.0935,"natural",2017-07-08 18:00:00
"937",20,189,"Rescobie",20.3525,15.87925,"natural",2017-07-08 19:00:00
"938",21,189,"Rescobie",19.8765,15.66425,"natural",2017-07-08 20:00:00
"939",22,189,"Rescobie",19.4245,15.44925,"natural",2017-07-08 21:00:00
"940",23,189,"Rescobie",19.09175,15.28225,"natural",2017-07-08 22:00:00
"941",24,189,"Rescobie",19.06775,15.37775,"natural",2017-07-08 23:00:00
"942",1,190,"Rescobie",18.49725,14.972,"natural",2017-07-09 00:00:00
"943",2,190,"Rescobie",18.212,14.852,"natural",2017-07-09 01:00:00
"944",3,190,"Rescobie",18.045,14.709,"natural",2017-07-09 02:00:00
"945",4,190,"Rescobie",17.855,14.589,"natural",2017-07-09 03:00:00
"946",5,190,"Rescobie",17.665,14.469,"natural",2017-07-09 04:00:00
"947",6,190,"Rescobie",17.49875,14.397,"natural",2017-07-09 05:00:00
"948",7,190,"Rescobie",17.475,14.325,"natural",2017-07-09 06:00:00
"949",8,190,"Rescobie",17.5225,14.373,"natural",2017-07-09 07:00:00
"950",9,190,"Rescobie",17.64125,14.517,"natural",2017-07-09 08:00:00
"951",10,190,"Rescobie",17.665,14.589,"natural",2017-07-09 09:00:00
"952",11,190,"Rescobie",17.7125,14.73275,"natural",2017-07-09 10:00:00
"953",12,190,"Rescobie",18.78225,15.139,"natural",2017-07-09 11:00:00
"954",13,190,"Rescobie",18.06875,14.73275,"natural",2017-07-09 12:00:00
"955",14,190,"Rescobie",18.14,14.685,"natural",2017-07-09 13:00:00
"956",15,190,"Rescobie",18.188,14.78025,"natural",2017-07-09 14:00:00
"957",16,190,"Rescobie",18.188,14.709,"natural",2017-07-09 15:00:00
"958",17,190,"Rescobie",18.06875,14.709,"natural",2017-07-09 16:00:00
"959",18,190,"Rescobie",18.045,14.709,"natural",2017-07-09 17:00:00
"960",19,190,"Rescobie",17.97375,14.637,"natural",2017-07-09 18:00:00
"961",20,190,"Rescobie",17.92625,14.589,"natural",2017-07-09 19:00:00
"962",21,190,"Rescobie",17.78375,14.493,"natural",2017-07-09 20:00:00
"963",22,190,"Rescobie",17.68875,14.349,"natural",2017-07-09 21:00:00
"964",23,190,"Rescobie",17.59375,14.23,"natural",2017-07-09 22:00:00
"965",24,190,"Rescobie",17.95,14.876,"natural",2017-07-09 23:00:00
"966",1,191,"Rescobie",17.451,14.086,"natural",2017-07-10 00:00:00
"967",2,191,"Rescobie",17.379,13.942,"natural",2017-07-10 01:00:00
"968",3,191,"Rescobie",17.3315,13.822,"natural",2017-07-10 02:00:00
"969",4,191,"Rescobie",17.284,13.702,"natural",2017-07-10 03:00:00
"970",5,191,"Rescobie",17.189,13.606,"natural",2017-07-10 04:00:00
"971",6,191,"Rescobie",17.1415,13.558,"natural",2017-07-10 05:00:00
"972",7,191,"Rescobie",17.21275,13.63,"natural",2017-07-10 06:00:00
"973",8,191,"Rescobie",17.284,13.726,"natural",2017-07-10 07:00:00
"974",9,191,"Rescobie",17.403,13.75,"natural",2017-07-10 08:00:00
"975",10,191,"Rescobie",17.49875,13.798,"natural",2017-07-10 09:00:00
"976",11,191,"Rescobie",17.665,14.038,"natural",2017-07-10 10:00:00
"977",12,191,"Rescobie",17.5225,14.182,"natural",2017-07-10 11:00:00
"978",13,191,"Rescobie",18.28325,14.469,"natural",2017-07-10 12:00:00
"979",14,191,"Rescobie",18.54475,14.613,"natural",2017-07-10 13:00:00
"980",15,191,"Rescobie",18.616,14.613,"natural",2017-07-10 14:00:00
"981",16,191,"Rescobie",18.54475,14.517,"natural",2017-07-10 15:00:00
"982",17,191,"Rescobie",18.49725,14.469,"natural",2017-07-10 16:00:00
"983",18,191,"Rescobie",18.35475,14.421,"natural",2017-07-10 17:00:00
"984",19,191,"Rescobie",18.236,14.373,"natural",2017-07-10 18:00:00
"985",20,191,"Rescobie",18.11625,14.2775,"natural",2017-07-10 19:00:00
"986",21,191,"Rescobie",17.97375,14.158,"natural",2017-07-10 20:00:00
"987",22,191,"Rescobie",17.8075,14.062,"natural",2017-07-10 21:00:00
"988",23,191,"Rescobie",17.6175,13.918,"natural",2017-07-10 22:00:00
"989",24,191,"Rescobie",17.92625,14.22975,"natural",2017-07-10 23:00:00
"990",1,192,"Rescobie",17.3315,13.678,"natural",2017-07-11 00:00:00
"991",2,192,"Rescobie",17.2365,13.582,"natural",2017-07-11 01:00:00
"992",3,192,"Rescobie",17.11775,13.46125,"natural",2017-07-11 02:00:00
"993",4,192,"Rescobie",17.02275,13.365,"natural",2017-07-11 03:00:00
"994",5,192,"Rescobie",16.951,13.269,"natural",2017-07-11 04:00:00
"995",6,192,"Rescobie",16.903,13.269,"natural",2017-07-11 05:00:00
"996",7,192,"Rescobie",16.999,13.269,"natural",2017-07-11 06:00:00
"997",8,192,"Rescobie",17.0465,13.365,"natural",2017-07-11 07:00:00
"998",9,192,"Rescobie",17.26025,13.58175,"natural",2017-07-11 08:00:00
"999",10,192,"Rescobie",17.6175,13.87,"natural",2017-07-11 09:00:00
"1000",11,192,"Rescobie",17.855,13.87,"natural",2017-07-11 10:00:00
"1001",12,192,"Rescobie",17.49875,13.798,"natural",2017-07-11 11:00:00
"1002",13,192,"Rescobie",18.616,13.918,"natural",2017-07-11 12:00:00
"1003",14,192,"Rescobie",19.353,14.2535,"natural",2017-07-11 13:00:00
"1004",15,192,"Rescobie",19.758,14.565,"natural",2017-07-11 14:00:00
"1005",16,192,"Rescobie",19.71,14.565,"natural",2017-07-11 15:00:00
"1006",17,192,"Rescobie",19.44825,14.373,"natural",2017-07-11 16:00:00
"1007",18,192,"Rescobie",19.2105,14.30125,"natural",2017-07-11 17:00:00
"1008",19,192,"Rescobie",18.82975,14.182,"natural",2017-07-11 18:00:00
"1009",20,192,"Rescobie",18.49725,14.086,"natural",2017-07-11 19:00:00
"1010",21,192,"Rescobie",18.23575,14.014,"natural",2017-07-11 20:00:00
"1011",22,192,"Rescobie",17.9975,13.918,"natural",2017-07-11 21:00:00
"1012",23,192,"Rescobie",17.8075,13.822,"natural",2017-07-11 22:00:00
"1013",24,192,"Rescobie",17.9975,13.966,"natural",2017-07-11 23:00:00
"1014",1,193,"Rescobie",17.57,13.654,"natural",2017-07-12 00:00:00
"1015",2,193,"Rescobie",17.49875,13.606,"natural",2017-07-12 01:00:00
"1016",3,193,"Rescobie",17.427,13.48525,"natural",2017-07-12 02:00:00
"1017",4,193,"Rescobie",17.379,13.437,"natural",2017-07-12 03:00:00
"1018",5,193,"Rescobie",17.30775,13.389,"natural",2017-07-12 04:00:00
"1019",6,193,"Rescobie",17.284,13.365,"natural",2017-07-12 05:00:00
"1020",7,193,"Rescobie",17.30775,13.389,"natural",2017-07-12 06:00:00
"1021",8,193,"Rescobie",17.403,13.5095,"natural",2017-07-12 07:00:00
"1022",9,193,"Rescobie",17.665,13.702,"natural",2017-07-12 08:00:00
"1023",10,193,"Rescobie",18.045,13.75,"natural",2017-07-12 09:00:00
"1024",11,193,"Rescobie",18.23575,13.99,"natural",2017-07-12 10:00:00
"1025",12,193,"Rescobie",17.665,13.75,"natural",2017-07-12 11:00:00
"1026",13,193,"Rescobie",18.7585,14.20575,"natural",2017-07-12 12:00:00
"1027",14,193,"Rescobie",18.8535,14.34925,"natural",2017-07-12 13:00:00
"1028",15,193,"Rescobie",19.02,14.58875,"natural",2017-07-12 14:00:00
"1029",16,193,"Rescobie",19.44825,15.0435,"natural",2017-07-12 15:00:00
"1030",17,193,"Rescobie",19.948,15.06725,"natural",2017-07-12 16:00:00
"1031",18,193,"Rescobie",20.0905,14.924,"natural",2017-07-12 17:00:00
"1032",19,193,"Rescobie",19.7815,14.637,"natural",2017-07-12 18:00:00
"1033",20,193,"Rescobie",19.30575,14.445,"natural",2017-07-12 19:00:00
"1034",21,193,"Rescobie",18.8535,14.325,"natural",2017-07-12 20:00:00
"1035",22,193,"Rescobie",18.59225,14.206,"natural",2017-07-12 21:00:00
"1036",23,193,"Rescobie",18.30725,14.014,"natural",2017-07-12 22:00:00
"1037",24,193,"Rescobie",18.54475,14.2535,"natural",2017-07-12 23:00:00
"1038",1,194,"Rescobie",17.73625,13.654,"natural",2017-07-13 00:00:00
"1039",2,194,"Rescobie",17.5225,13.43725,"natural",2017-07-13 01:00:00
"1040",3,194,"Rescobie",17.284,13.19675,"natural",2017-07-13 02:00:00
"1041",4,194,"Rescobie",17.094,13.028,"natural",2017-07-13 03:00:00
"1042",5,194,"Rescobie",16.999,12.95575,"natural",2017-07-13 04:00:00
"1043",6,194,"Rescobie",16.951,12.90725,"natural",2017-07-13 05:00:00
"1044",7,194,"Rescobie",16.999,13.004,"natural",2017-07-13 06:00:00
"1045",8,194,"Rescobie",17.1415,13.1245,"natural",2017-07-13 07:00:00
"1046",9,194,"Rescobie",17.427,13.389,"natural",2017-07-13 08:00:00
"1047",10,194,"Rescobie",17.7125,13.702,"natural",2017-07-13 09:00:00
"1048",11,194,"Rescobie",18.188,14.11,"natural",2017-07-13 10:00:00
"1049",12,194,"Rescobie",17.9975,13.822,"natural",2017-07-13 11:00:00
"1050",13,194,"Rescobie",19.13925,14.541,"natural",2017-07-13 12:00:00
"1051",14,194,"Rescobie",19.6385,14.97175,"natural",2017-07-13 13:00:00
"1052",15,194,"Rescobie",20.16225,15.0675,"natural",2017-07-13 14:00:00
"1053",16,194,"Rescobie",20.2815,15.09125,"natural",2017-07-13 15:00:00
"1054",17,194,"Rescobie",20.35275,15.25825,"natural",2017-07-13 16:00:00
"1055",18,194,"Rescobie",20.3765,15.2345,"natural",2017-07-13 17:00:00
"1056",19,194,"Rescobie",20.06675,15.11525,"natural",2017-07-13 18:00:00
"1057",20,194,"Rescobie",19.80525,14.996,"natural",2017-07-13 19:00:00
"1058",21,194,"Rescobie",19.4245,14.924,"natural",2017-07-13 20:00:00
"1059",22,194,"Rescobie",19.1395,14.78025,"natural",2017-07-13 21:00:00
"1060",23,194,"Rescobie",18.94875,14.661,"natural",2017-07-13 22:00:00
"1061",24,194,"Rescobie",18.6635,14.086,"natural",2017-07-13 23:00:00
"1062",1,195,"Rescobie",18.16425,14.32525,"natural",2017-07-14 00:00:00
"1063",2,195,"Rescobie",17.6175,14.134,"natural",2017-07-14 01:00:00
"1064",3,195,"Rescobie",17.403,13.99,"natural",2017-07-14 02:00:00
"1065",4,195,"Rescobie",17.3315,13.846,"natural",2017-07-14 03:00:00
"1066",5,195,"Rescobie",17.26025,13.63,"natural",2017-07-14 04:00:00
"1067",6,195,"Rescobie",17.2365,13.48525,"natural",2017-07-14 05:00:00
"1068",7,195,"Rescobie",17.26025,13.461,"natural",2017-07-14 06:00:00
"1069",8,195,"Rescobie",17.189,13.58175,"natural",2017-07-14 07:00:00
"1070",9,195,"Rescobie",17.094,13.942,"natural",2017-07-14 08:00:00
"1071",10,195,"Rescobie",17.16525,14.421,"natural",2017-07-14 09:00:00
"1072",11,195,"Rescobie",17.47475,14.7325,"natural",2017-07-14 10:00:00
"1073",12,195,"Rescobie",18.63975,14.517,"natural",2017-07-14 11:00:00
"1074",13,195,"Rescobie",18.16425,14.9,"natural",2017-07-14 12:00:00
"1075",14,195,"Rescobie",18.426,14.97175,"natural",2017-07-14 13:00:00
"1076",15,195,"Rescobie",18.949,15.30625,"natural",2017-07-14 14:00:00
"1077",16,195,"Rescobie",19.829,15.59275,"natural",2017-07-14 15:00:00
"1078",17,195,"Rescobie",20.21,15.4495,"natural",2017-07-14 16:00:00
"1079",18,195,"Rescobie",19.9955,15.282,"natural",2017-07-14 17:00:00
"1080",19,195,"Rescobie",19.567,15.282,"natural",2017-07-14 18:00:00
"1081",20,195,"Rescobie",19.3295,15.2345,"natural",2017-07-14 19:00:00
"1082",21,195,"Rescobie",18.94875,15.0195,"natural",2017-07-14 20:00:00
"1083",22,195,"Rescobie",18.59225,14.828,"natural",2017-07-14 21:00:00
"1084",23,195,"Rescobie",18.3785,14.661,"natural",2017-07-14 22:00:00
"1085",24,195,"Rescobie",17.78375,14.8045,"natural",2017-07-14 23:00:00
"1086",1,196,"Rescobie",17.8075,14.373,"natural",2017-07-15 00:00:00
"1087",2,196,"Rescobie",17.6175,14.30125,"natural",2017-07-15 01:00:00
"1088",3,196,"Rescobie",17.54625,14.23,"natural",2017-07-15 02:00:00
"1089",4,196,"Rescobie",17.475,14.158,"natural",2017-07-15 03:00:00
"1090",5,196,"Rescobie",17.427,14.134,"natural",2017-07-15 04:00:00
"1091",6,196,"Rescobie",17.379,14.134,"natural",2017-07-15 05:00:00
"1092",7,196,"Rescobie",17.284,14.134,"natural",2017-07-15 06:00:00
"1093",8,196,"Rescobie",17.30775,14.158,"natural",2017-07-15 07:00:00
"1094",9,196,"Rescobie",17.379,14.23,"natural",2017-07-15 08:00:00
"1095",10,196,"Rescobie",17.49875,14.2775,"natural",2017-07-15 09:00:00
"1096",11,196,"Rescobie",17.665,14.421,"natural",2017-07-15 10:00:00
"1097",12,196,"Rescobie",18.09275,14.517,"natural",2017-07-15 11:00:00
"1098",13,196,"Rescobie",17.92625,14.565,"natural",2017-07-15 12:00:00
"1099",14,196,"Rescobie",18.188,14.804,"natural",2017-07-15 13:00:00
"1100",15,196,"Rescobie",18.426,14.852,"natural",2017-07-15 14:00:00
"1101",16,196,"Rescobie",18.63975,15.01975,"natural",2017-07-15 15:00:00
"1102",17,196,"Rescobie",18.94875,15.306,"natural",2017-07-15 16:00:00
"1103",18,196,"Rescobie",19.044,15.306,"natural",2017-07-15 17:00:00
"1104",19,196,"Rescobie",19.187,15.354,"natural",2017-07-15 18:00:00
"1105",20,196,"Rescobie",19.044,15.21075,"natural",2017-07-15 19:00:00
"1106",21,196,"Rescobie",18.68725,15.06725,"natural",2017-07-15 20:00:00
"1107",22,196,"Rescobie",18.63975,14.972,"natural",2017-07-15 21:00:00
"1108",23,196,"Rescobie",18.28325,14.80425,"natural",2017-07-15 22:00:00
"1109",24,196,"Rescobie",17.78375,14.421,"natural",2017-07-15 23:00:00
"1110",1,197,"Rescobie",17.54625,14.373,"natural",2017-07-16 00:00:00
"1111",2,197,"Rescobie",17.3315,14.134,"natural",2017-07-16 01:00:00
"1112",3,197,"Rescobie",17.189,13.942,"natural",2017-07-16 02:00:00
"1113",4,197,"Rescobie",17.07025,13.726,"natural",2017-07-16 03:00:00
"1114",5,197,"Rescobie",16.90325,13.53375,"natural",2017-07-16 04:00:00
"1115",6,197,"Rescobie",16.73675,13.389,"natural",2017-07-16 05:00:00
"1116",7,197,"Rescobie",16.808,13.46125,"natural",2017-07-16 06:00:00
"1117",8,197,"Rescobie",16.90325,13.654,"natural",2017-07-16 07:00:00
"1118",9,197,"Rescobie",17.1415,13.99,"natural",2017-07-16 08:00:00
"1119",10,197,"Rescobie",17.427,14.182,"natural",2017-07-16 09:00:00
"1120",11,197,"Rescobie",17.49875,14.397,"natural",2017-07-16 10:00:00
"1121",12,197,"Rescobie",17.97375,14.565,"natural",2017-07-16 11:00:00
"1122",13,197,"Rescobie",18.3545,15.37775,"natural",2017-07-16 12:00:00
"1123",14,197,"Rescobie",18.9485,15.497,"natural",2017-07-16 13:00:00
"1124",15,197,"Rescobie",19.5675,15.521,"natural",2017-07-16 14:00:00
"1125",16,197,"Rescobie",19.56725,15.712,"natural",2017-07-16 15:00:00
"1126",17,197,"Rescobie",19.2345,15.56875,"natural",2017-07-16 16:00:00
"1127",18,197,"Rescobie",19.11575,15.40175,"natural",2017-07-16 17:00:00
"1128",19,197,"Rescobie",18.901,15.354,"natural",2017-07-16 18:00:00
"1129",20,197,"Rescobie",18.6635,15.2105,"natural",2017-07-16 19:00:00
"1130",21,197,"Rescobie",18.23575,14.99575,"natural",2017-07-16 20:00:00
"1131",22,197,"Rescobie",17.92625,14.852,"natural",2017-07-16 21:00:00
"1132",23,197,"Rescobie",17.7125,14.661,"natural",2017-07-16 22:00:00
"1133",24,197,"Rescobie",17.68875,14.948,"natural",2017-07-16 23:00:00
"1134",1,198,"Rescobie",17.3315,14.421,"natural",2017-07-17 00:00:00
"1135",2,198,"Rescobie",17.11775,14.2775,"natural",2017-07-17 01:00:00
"1136",3,198,"Rescobie",16.999,14.206,"natural",2017-07-17 02:00:00
"1137",4,198,"Rescobie",16.8795,14.11,"natural",2017-07-17 03:00:00
"1138",5,198,"Rescobie",16.73675,14.014,"natural",2017-07-17 04:00:00
"1139",6,198,"Rescobie",16.499,13.942,"natural",2017-07-17 05:00:00
"1140",7,198,"Rescobie",16.451,13.942,"natural",2017-07-17 06:00:00
"1141",8,198,"Rescobie",16.42725,14.18175,"natural",2017-07-17 07:00:00
"1142",9,198,"Rescobie",16.5465,14.373,"natural",2017-07-17 08:00:00
"1143",10,198,"Rescobie",17.07,14.66075,"natural",2017-07-17 09:00:00
"1144",11,198,"Rescobie",17.75975,15.115,"natural",2017-07-17 10:00:00
"1145",12,198,"Rescobie",17.4985,14.541,"natural",2017-07-17 11:00:00
"1146",13,198,"Rescobie",19.258,15.99825,"natural",2017-07-17 12:00:00
"1147",14,198,"Rescobie",20.28125,16.37975,"natural",2017-07-17 13:00:00
"1148",15,198,"Rescobie",21.04375,16.618,"natural",2017-07-17 14:00:00
"1149",16,198,"Rescobie",21.187,16.83175,"natural",2017-07-17 15:00:00
"1150",17,198,"Rescobie",21.33,16.927,"natural",2017-07-17 16:00:00
"1151",18,198,"Rescobie",21.521,16.951,"natural",2017-07-17 17:00:00
"1152",19,198,"Rescobie",21.354,16.87925,"natural",2017-07-17 18:00:00
"1153",20,198,"Rescobie",20.94825,16.78425,"natural",2017-07-17 19:00:00
"1154",21,198,"Rescobie",20.35275,16.618,"natural",2017-07-17 20:00:00
"1155",22,198,"Rescobie",19.9005,16.332,"natural",2017-07-17 21:00:00
"1156",23,198,"Rescobie",19.472,15.9745,"natural",2017-07-17 22:00:00
"1157",24,198,"Rescobie",18.37825,15.545,"natural",2017-07-17 23:00:00
"1158",1,199,"Rescobie",18.73475,15.28225,"natural",2017-07-18 00:00:00
"1159",2,199,"Rescobie",18.4735,14.99575,"natural",2017-07-18 01:00:00
"1160",3,199,"Rescobie",18.23575,14.7325,"natural",2017-07-18 02:00:00
"1161",4,199,"Rescobie",17.95,14.493,"natural",2017-07-18 03:00:00
"1162",5,199,"Rescobie",17.76,14.2775,"natural",2017-07-18 04:00:00
"1163",6,199,"Rescobie",17.665,14.134,"natural",2017-07-18 05:00:00
"1164",7,199,"Rescobie",17.665,14.134,"natural",2017-07-18 06:00:00
"1165",8,199,"Rescobie",17.68875,14.3015,"natural",2017-07-18 07:00:00
"1166",9,199,"Rescobie",17.99775,14.68475,"natural",2017-07-18 08:00:00
"1167",10,199,"Rescobie",18.711,15.18675,"natural",2017-07-18 09:00:00
"1168",11,199,"Rescobie",19.496,15.521,"natural",2017-07-18 10:00:00
"1169",12,199,"Rescobie",19.044,15.5925,"natural",2017-07-18 11:00:00
"1170",13,199,"Rescobie",20.71,16.28425,"natural",2017-07-18 12:00:00
"1171",14,199,"Rescobie",21.0675,16.52275,"natural",2017-07-18 13:00:00
"1172",15,199,"Rescobie",21.4255,16.618,"natural",2017-07-18 14:00:00
"1173",16,199,"Rescobie",21.64025,16.618,"natural",2017-07-18 15:00:00
"1174",17,199,"Rescobie",21.52075,16.5705,"natural",2017-07-18 16:00:00
"1175",18,199,"Rescobie",21.163,16.42725,"natural",2017-07-18 17:00:00
"1176",19,199,"Rescobie",20.82925,16.23675,"natural",2017-07-18 18:00:00
"1177",20,199,"Rescobie",20.305,15.9985,"natural",2017-07-18 19:00:00
"1178",21,199,"Rescobie",19.80525,15.8075,"natural",2017-07-18 20:00:00
"1179",22,199,"Rescobie",19.5195,15.688,"natural",2017-07-18 21:00:00
"1180",23,199,"Rescobie",19.3295,15.64025,"natural",2017-07-18 22:00:00
"1181",24,199,"Rescobie",20.1385,15.903,"natural",2017-07-18 23:00:00
"1182",1,200,"Rescobie",19.02,15.569,"natural",2017-07-19 00:00:00
"1183",2,200,"Rescobie",18.87725,15.473,"natural",2017-07-19 01:00:00
"1184",3,200,"Rescobie",18.7585,15.37775,"natural",2017-07-19 02:00:00
"1185",4,200,"Rescobie",18.63975,15.282,"natural",2017-07-19 03:00:00
"1186",5,200,"Rescobie",18.59225,15.187,"natural",2017-07-19 04:00:00
"1187",6,200,"Rescobie",18.521,15.2345,"natural",2017-07-19 05:00:00
"1188",7,200,"Rescobie",18.521,15.2345,"natural",2017-07-19 06:00:00
"1189",12,200,"Rescobie",19.16325,15.569,"natural",2017-07-19 11:00:00
